context,question,answer_text
"एडम स्मिथ (५जून १७२३ से १७ जुलाई १७९०) एक ब्रिटिश नीतिवेत्ता, दार्शनिक और राजनैतिक अर्थशास्त्री थे। उन्हें अर्थशास्त्र का पितामह भी कहा जाता है।आधुनिक अर्थशास्त्र के निर्माताओं में एडम स्मिथ (जून 5, 1723—जुलाई 17, 1790) का नाम सबसे पहले आता है. उनकी पुस्तक ‘राष्ट्रों की संपदा(The Wealth of Nations) ने अठारहवीं शताब्दी के इतिहासकारों एवं अर्थशास्त्रियों को बेहद प्रभावित किया है. कार्ल मार्क्स से लेकर डेविड रिकार्डो तक अनेक ख्यातिलब्ध अर्थशास्त्री, समाजविज्ञानी और राजनेता एडम स्मिथ से प्रेरणा लेते रहे हैं. बीसवीं शताब्दी के अर्थशास्त्रियों में, जिन्होंने एडम स्मिथ के विचारों से प्रेरणा ली है, उनमें मार्क्स, एंगेल्स, माल्थस, मिल, केंस(Keynes) तथा फ्राइडमेन(Friedman) के नाम उल्लेखनीय हैं. स्वयं एडम स्मिथ पर अरस्तु, जा॓न ला॓क, हा॓ब्स, मेंडविले, फ्रांसिस हचसन, ह्यूम आदि विद्वानों का प्रभाव था. स्मिथ ने अर्थशास्त्र, राजनीति दर्शन तथा नीतिशास्त्र के क्षेत्र में उल्लेखनीय कार्य किया. किंतु उसको विशेष मान्यता अर्थशास्त्र के क्षेत्र में ही मिली. आधुनिक बाजारवाद को भी एडम स्मिथ के विचारों को मिली मान्यता के रूप में देखा जा सकता है.
एडम स्मिथ के जन्म की तिथि सुनिश्चित नहीं है. कुछ विद्वान उसका जन्म पांच जून 1723 को तथा कुछ उसी वर्ष की 16 जून को मानते हैं. जो हो उसका जन्म ब्रिटेन के एक गांव किर्काल्दी(Kirkaldy, Fife, United Kingdom) में हुआ था. एडम के पिता कस्टम विभाग में इंचार्ज रह चुके थे. किंतु उनका निधन स्मिथ के जन्म से लगभग छह महीने पहले ही हो चुका था. एडम अपने माता–पिता की संभवतः अकेली संतान था. वह अभी केवल चार ही वर्ष का था कि आघात का सामना करना पड़ा. जिप्सियों के एक संगठन द्वारा एडम का अपहरण कर लिया गया. उस समय उसके चाचा ने उसकी मां की सहायता की. फलस्वरूप एडम को सुरक्षित प्राप्त कर लिया गया. पिता की मृत्यु के पश्चात स्मिथ को उसकी मां ने ग्लासगो विश्वविद्यालय में पढ़ने भेज दिया. उस समय स्मिथ की अवस्था केवल चौदह वर्ष थी. प्रखर बुद्धि होने के कारण उसने स्कूल स्तर की पढ़ाई अच्छे अंकों के साथ पूरी की, जिससे उसको छात्रवृत्ति मिलने लगी. जिससे आगे के अध्ययन के लिए आ॓क्सफोर्ड विश्वविद्यालय जाने का रास्ता खुल गया. वहां उसने प्राचीन यूरोपीय भाषाओं का ज्ञान प्राप्त किया. उस समय तक यह तय नहीं हो पाया था कि भाषा विज्ञान का वह विद्यार्थी आगे चलकर अर्थशास्त्र के क्षेत्र में न केवल नाम कमाएगा, बल्कि अपनी मौलिक स्थापनाओं के दम पर वैश्विक अर्थव्यवस्था के क्षेत्र में युगपरिवर्तनकारी योगदान भी देगा.
सन 1738 में स्मिथ ने सुप्रसिद्ध विद्वान–दार्शनिक फ्रांसिस हचीसन के नेतृत्व में नैतिक दर्शनशास्त्र में स्नातक की परीक्षा पास की. वह फ्रांसिस की मेधा से अत्यंत प्रभावित था तथा उसको एवं उसके अध्यापन में बिताए गए दिनों को, अविस्मरणीय मानता था. अत्यंत मेधावी होने के कारण स्मिथ की प्रतिभा का॓लेज स्तर से ही पहचानी जाने लगी थी. इसलिए अध्ययन पूरा करने के पश्चात युवा स्मिथ जब वापस अपने पैत्रिक नगर ब्रिटेन पहुंचा, तब तक वह अनेक महत्त्वपूर्ण लेक्चर दे चुका था, जिससे उसकी ख्याति फैलने लगी थी. वहीं रहते हुए 1740 में उसने डेविड ह्यूम की चर्चित कृति A Treatise of Human Nature का अध्ययन किया, जिससे वह अत्यंत प्रभावित हुआ. डेविड ह्यूम उसके आदर्श व्यक्तियों में से था. दोनों में गहरी दोस्ती थी. स्वयं ह्यूम रूसो की प्रतिभा से बेहद प्रभावित थे. दोनों की दोस्ती के पीछे एक घटना का उल्लेख मिलता है. जिसके अनुसार ह्यूम ने एक बार रूसो की निजी डायरी उठाकर देखी तो उसमें धर्म, समाज, राजनीति, अर्थशास्त्र आदि को लेकर गंभीर टिप्पणियां की गई थीं. उस घटना के बाद दोनों में गहरी मित्रता हो गई. ह्यूम एडम स्मिथ से लगभग दस वर्ष बड़ा था. डेविड् हयूम के अतिरिक्त एडम स्मिथ के प्रमुख दोस्तों में जा॓न होम, ह्यूज ब्लेयर, लार्ड हैलिस, तथा प्रंसिपल राबर्टसन आदि के नाम नाम उल्लेखनीय हैं.अपनी मेहनत एवं प्रतिभा का पहला प्रसाद उसको जल्दी मिल गया. सन 1751 में स्मिथ को ग्लासगा॓ विश्वविद्यालय में तर्कशास्त्र के प्रवक्ता के पद पर नौकरी मिल गई. उससे अगले ही वर्ष उसको नैतिक दर्शनशास्त्र का विभागाध्यक्ष बना दिया गया. स्मिथ का लेखन और अध्यापन का कार्य सतत रूप से चल रहा था. सन 1759 में उसने अपनी पुस्तक ‘नैतिक अनुभूतियों का सिद्धांत’ (Theory of Moral Sentiments) पूरी की. यह पुस्तक अपने प्रकाशन के साथ ही चर्चा का विषय बन गई. उसके अंग्रेजी के अलावा जर्मनी और फ्रांसिसी संस्करण हाथों–हाथ बिकने लगे. पुस्तक व्यक्ति और समाज के अंतःसंबंधों एवं नैतिक आचरण के बारे में थी. उस समय तक स्मिथ का रुझान राजनीति दर्शन एवं नीतिशास्त्र तक सीमित था. धीरे–धीरे स्मिथ विश्वविद्यालयों के नीरस और एकरस वातावरण से ऊबने लगा. उसे लगने लगा कि जो वह करना चाहता है वह का॓लेज के वातावरण में रहकर कर पाना संभव नहीं है.
इस बीच उसका रुझान अर्थशास्त्र के प्रति बढ़ा था. विशेषकर राजनीतिक दर्शन पर अध्यापन के दौरान दिए गए लेक्चरर्स में आर्थिक पहलुओं पर भी विचार किया गया था. उसके विचारों को उसी के एक विद्यार्थी ने संकलित किया, जिन्हें आगे चलकर एडविन केनन ने संपादित किया. उन लेखों में ही ‘वैल्थ आ॓फ नेशनस्’ के बीजतत्व सुरक्षित थे. करीब बारह वर्ष अध्यापन के क्षेत्र में बिताने के पश्चात स्मिथ ने का॓लेज की नौकरी से त्यागपत्र दे दिया और जीविकोपार्जन के लिए ट्यूशन पढ़ाने लगा. इसी दौर में उसने फ्रांस तथा यूरोपीय देशों की यात्राएं कीं तथा समकालीन विद्वानों डेविड ह्यूम, वाल्तेयर, रूसो, फ्रांसिस क्वेसने (François Quesnay), एनी राबर्ट जेकुइस टुरगोट(Anne-Robert-Jacques Turgot) आदि से मिला. इस बीच उसने कई शोध निबंध भी लिखे, जिनके कारण उसकी प्रष्तिठा बढ़ी. कुछ वर्ष पश्चात वह वह किर्काल्दी वापस लौट आया.
अपने पैत्रिक गांव में रहते हुए स्मिथ ने अपनी सर्वाधिक चर्चित पुस्तक The Wealth of Nations पूरी की, जो राजनीतिविज्ञान और अर्थशास्त्र पर अनूठी पुस्तक है. 1776 में पुस्तक के प्रकाशन के साथ ही एडम स्मिथ की गणना अपने समय के मूर्धन्य विद्वानों में होने लगी. इस पुस्तक पर दर्शनशास्त्र का प्रभाव है. जो लोग स्मिथ के जीवन से परिचित नहीं हैं, उन्हें यह जानकर और भी आश्चर्य होगा कि स्मिथ ने इस पुस्तक की रचना एक दर्शनशास्त्र का प्राध्यापक होने के नाते अपने अध्यापन कार्य के संबंध में की थी. उन दिनों विश्वविद्यालयों में इतिहास और दर्शनशास्त्र की पुस्तकें ही अधिक पढ़ाई जाती थीं, उनमें एक विषय विधिवैज्ञानिक अध्ययन भी था. विधिशास्त्र के अध्ययन का सीधा सा तात्पर्य है, स्वाभाविक रूप से न्यायप्रणालियों का विस्तृत अध्ययन. प्रकारांतर में सरकार और फिर राजनीति अर्थव्यवस्था का चिंतन. इस तरह यह साफ है कि अपनी पुस्तक ‘राष्ट्रों की संपदा’ में स्मिथ ने आर्थिक सिद्धांतों की दार्शनिक विवेचनाएं की हैं. विषय की नवीनता एवं प्रस्तुतीकरण का मौलिक अंदाज उस पुस्तक की मुख्य विशेषताएं हैं.
स्मिथ पढ़ाकू किस्म का इंसान था. उसके पास एक समृद्ध पुस्तकालय था, जिसमें सैंकड़ों दुर्लभ ग्रंथ मौजूद थे. रहने के लिए उसको शांत एवं एकांत वातावरण पसंद था, जहां कोई उसके जीवन में बाधा न डाले. स्मिथ आजीवन कुंवारा ही रहा. जीवन में सुख का अभाव एवं अशांति की मौजूदगी से कार्य आहत न हों, इसलिए उसका कहना था कि समाज का गठन मनुष्यों की उपयोगिता के आधार पर होना चाहिए, जैसे कि व्यापारी समूह गठित किए जाते हैं; ना कि आपसी लगाव या किसी और भावनात्मक आधार पर.
अर्थशास्त्र के क्षेत्र में एडम स्मिथ की ख्याति उसके सुप्रसिद्ध सिद्धांत ‘लेजे फेयर (laissez-faire) के कारण है, जो आगे चलकर उदार आर्थिक नीतियों का प्रवर्तक सिद्धांत बना. लेजे फेयर का अभिप्राय था, ‘कार्य करने की स्वतंत्रता’ अर्थात आर्थिक गतिविधियों के क्षेत्र में सरकार का न्यूनतम हस्तक्षेप. आधुनिक औद्योगिक पूंजीवाद के समर्थक और उत्पादन व्यवस्था में क्रांति ला देने वाले इस नारे के वास्तविक उदगम के बारे में सही–सही जानकारी का दावा तो नहीं किया जाता. किंतु इस संबंध में एक बहुप्रचलित कथा है, जिसके अनुसार इस उक्ति का जन्म 1680 में, तत्कालीन प्रभावशाली फ्रांसिसी वित्त मंत्री जीन–बेपटिस्ट कोलबार्ट की अपने ही देश के व्यापरियों के साथ बैठक के दौरान हुआ था. व्यापारियों के दल का नेतृत्व एम. ली. जेंड्री कर रहे थे. व्यापारियों का दल कोलबार्ट के पास अपनी समस्याएं लेकर पहुंचा था. उन दिनों व्यापारीगण एक ओर तो उत्पादन–व्यवस्था में निरंतर बढ़ती स्पर्धा का सामना कर रहे थे, दूसरी ओर सरकारी कानून उन्हें बाध्यकारी लगते थे. उनकी बात सुनने के बाद कोलबार्ट ने किंचित नाराजगी दर्शाते हुए कहा—
‘इसमें सरकार व्यापारियों की भला क्या मदद कर सकती है?’ इसपर ली. जेंड्री ने सादगी–भरे स्वर में तत्काल उत्तर दिया—‘लीजेज–नाउज फेयर [Laissez-nous faire (Leave us be, Let us do)].’ उनका आशय था, ‘आप हमें हमारे हमारे हाल पर छोड़ दें, हमें सिर्फ अपना काम करने दें.’ इस सिद्धांत की लोकप्रियता बढ़ने के साथ–साथ, एडम स्मिथ को एक अर्थशास्त्री के रूप में पहचान मिलती चली गई. उस समय एडम स्मिथ ने नहीं जानता था कि वह ऐसे अर्थशास्त्रीय सिद्धांत का निरूपण कर रहा है, जो एक दिन वैश्विक अर्थव्यवस्था के लिए क्रांतिकारी सिद्ध होगा.
‘राष्ट्रों की संपदा’ नामक पुस्तक के प्रकाशन के दो वर्ष बाद ही स्मिथ को कस्टम विभाग में आयुक्त की नौकरी मिल गई. उसी साल उसे धक्का लगा जब उसके घनिष्ट मित्र और अपने समय के जानेमाने दार्शनिक डेविड ह्यूम की मृत्यु का समाचार उसको मिला. कस्टम आयुक्त का पद स्मिथ के लिए चुनौती–भरा सिद्ध हुआ. उस पद पर रहते हुए उसे तस्करी की समस्या से निपटना था; जिसे उसने अपने ग्रंथ राष्ट्रों की संपदा में ‘अप्राकृतिक विधान के चेहरे के पीछे सर्वमान्य कर्म’ (Legitimate activity in the face of ‘unnatural’ legislation) के रूप में स्थापित किया था. 1783 में एडिनवर्ग रा॓यल सोसाइटी की स्थापना हुई तो स्मिथ को उसका संस्थापक सदस्य मनोनीत किया गया. अर्थशास्त्र एवं राजनीति के क्षेत्र में स्मिथ की विशेष सेवाओं के लिए उसको ग्ला॓स्ग विश्वविद्यालय का मानद रेक्टर मनोनीत किया गया. वह आजीवन अविवाहित रहा. रात–दिन अध्ययन–अध्यापन में व्यस्त रहने के कारण उसका स्वास्थ्य गड़बड़ाने लगा था. अंततः 19 जुलाई 1790 को, मात्र सढ़सठ वर्ष की अवस्था में एडिनबर्ग में उसकी मृत्यु हो गई.
वैचारिकी
एडम स्मिथ को आधुनिक अर्थव्यवस्था के निर्माताओं में से माना जाता है. उसके विचारों से प्रेरणा लेकर जहां कार्ल मार्क्स, एंगेल्स, मिल, रिकार्डो जैसे समाजवादी चिंतकों ने अपनी विचारधारा को आगे बढ़ाया, वहीं अत्याधुनिक वैश्विक अर्थव्यवस्था के बीजतत्व भी स्मिथ के विचारों में निहित हैं. स्मिथ का आर्थिक सामाजिक चिंतन उसकी दो पुस्तकों में निहित है. पहली पुस्तक का शीर्षक है— नैतिक अनुभूतियों के सिद्धांत’ जिसमें उसने मानवीय व्यवहार की समीक्षा करने का प्रयास किया है. पुस्तक पर स्मिथ के अध्यापक फ्रांसिस हचसन का प्रभाव है. पुस्तक में नैतिक दर्शन को चार वर्गों—नैतिकता, सदगुण, व्यक्तिगत अधिकार की भावना एवं स्वाधीनता में बांटते हुए उनकी विवेचना की गई है. इस पुस्तक में स्मिथ ने मनुष्य के संपूर्ण नैतिक आचरण को निम्नलिखित दो हिस्सों में वर्गीकृत किया है—
1. नैतिकता की प्रकृति (Nature of morality)
२. नैतिकता का लक्ष्य (Motive of morality)
नैतिकता की प्रकृति में स्मिथ ने संपत्ति, कामनाओं आदि को सम्मिलित किया है. जबकि दूसरे वर्ग में स्मिथ ने मानवीय संवेदनाओं, स्वार्थ, लालसा आदि की समीक्षा की है. स्मिथ की दूसरी महत्त्वपूर्ण पुस्तक है—‘राष्ट्रों की संपदा की प्रकृति एवं उसके कारणों की विवेचना’ यह अद्वितीय ग्रंथ पांच खंडों में है. पुस्तक में राजनीतिविज्ञान, अर्थशास्त्र, मानव व्यवहार आदि विविध विषयों पर विचार किया गया है, किंतु उसमें मुख्य रूप से स्मिथ के आर्थिक विचारों का विश्लेषण है. स्मिथ ने मुक्त अर्थव्यवस्था का समर्थन करते हुए दर्शाया है कि ऐसे दौर में अपने हितों की रक्षा कैसे की जा सकती है, किस तरह तकनीक का अधिकतम लाभ कमाया जा सकता है, किस प्रकार एक कल्याणकारी राज्य को धर्मिकता की कसौटी पर कसा जा सकता है और कैसे व्यावसायिक स्पर्धा से समाज को विकास के रास्ते पर ले जाया जा सकाता है. स्मिथ की विचारधारा इसी का विश्लेषण बड़े वस्तुनिष्ठ ढंग से प्रस्तुत करती है. इस पुस्तक के कारण स्मिथ पर व्यक्तिवादी होने के आरोप भी लगते रहे हैं. लेकिन जो विद्वान स्मिथ को निरा व्यक्तिवादी मानते हैं, उन्हें यह तथ्य चौंका सकता है कि उसका अधिकांश कार्य मानवीय नैतिकता को प्रोत्साहित करने वाला तथा जनकल्याण पर केंद्रित है. अपनी दूसरी पुस्तक ‘नैतिक अनुभूतियों का सिद्धांत’ में स्मिथ लिखता है—
‘पूर्णतः स्वार्थी व्यक्ति की संकल्पना भला कैसे की जा सकती है. प्रकृति के निश्चित ही कुछ ऐसे सिद्धांत हैं, जो उसको दूसरों के हितों से जोड़कर उनकी खुशियों को उसके लिए अनिवार्य बना देते हैं, जिससे उसे उन्हें सुखी–संपन्न देखने के अतिरिक्त और कुछ भी प्राप्त नहीं होता.’
स्मिथ के अनुसार स्वार्थी और अनिश्चितता का शिकार व्यक्ति सोच सकता है कि प्रकृति के सचमुच कुछ ऐसे नियम हैं जो दूसरे के भाग्य में भी उसके लिए लाभकारी सिद्ध हो सकते हैं तथा उसके लिए खुशी का कारण बन सकते हैं. जबकि यह उसका सरासर भ्रम ही है. उसको सिवाय ऐसा सोचने के कुछ और हाथ नहीं लग पाता. मानव व्यवहार की एकांगिकता और सीमाओं का उल्लेख करते हुए एक स्थान पर स्मिथ ने लिखा है कि—
‘हमें इस बात का प्रामाणिक अनुभव नहीं है कि दूसरा व्यक्ति क्या सोचता है. ना ही हमें इस बात का कोई ज्ञान है कि वह वास्तव में किन बातों से प्रभावित होता है. सिवाय इसके कि हम स्वयं को उन परिस्थितियों में होने की कल्पना कर कुछ अनुमान लगा सकें. छज्जे पर खडे़ अपने भाई को देखकर हम निश्चिंत भी रह सकते हैं, बिना इस बात की परवाह किए कि उसपर क्या बीत रही है. हमारी अनुभूतियां उसकी स्थिति के बारे में प्रसुप्त बनी रहती हैं. वे हमारे ‘हम’ से परे न तो जाती हैं, न ही जा सकती हैं; अर्थात उसकी वास्तविक स्थिति के बारे में हम केवल अनुमान ही लगा पाते हैं. न उसकी चेतना में ही वह शक्ति है जो हमें उसकी परेशानी और मनःस्थिति का वास्तविक बोध करा सके, उस समय तक जब तक कि हम स्वयं को उसकी परिस्थितियों में रखकर नहीं सोचते. मगर हमारा अपना सोच केवल हमारा सोच और संकल्पना है, न कि उसका. कल्पना के माध्यम से हम उसकी स्थिति का केवल अनुमान लगाने में कामयाब हो पाते हैं.’
उपर्युक्त उद्धरण द्वारा स्मिथ ने यथार्थ स्थिति बयान की है. हमारा रोजमर्रा का बहुत–सा व्यवहार केवल अनुमान और कल्पना के सहारे ही संपन्न होता है.
भावुकता एवं नैतिकता के अनपेक्षित दबावों से बचते हुए स्मिथ ने व्यक्तिगत सुख–लाभ का पक्ष भी बिना किसी झिझक के लिया है. उसके अनुसार खुद से प्यार करना, अपनी सुख–सुविधाओं का खयाल रखना तथा उनके लिए आवश्यक प्रयास करना किसी भी दृष्टि से अकल्याणकारी अथवा अनैतिक नहीं है. उसका कहना था कि जीवन बहुत कठिन हो जाएगा यदि हमारी कोमल संवेदनाएं और प्यार, जो हमारी मूल भावना है, हर समय हमारे व्यवहार को नियंत्रित करने लगे, और उसमें दूसरों के कल्याण की कोई कामना ही न हो; या वह अपने अहं की रक्षा को ही सर्वस्व मानने लगे, और दूसरों की उपेक्षा ही उसका धर्म बन जाए. सहानुभूति तथा व्यक्तिगत लाभ एक दूसरे के विरोधी न होकर परस्पर पूरक होते हैं. दूसरों की मदद के सतत अवसर मनुष्य को मिलते ही रहते हैं.
स्मिथ ‘राष्ट्रों की संपदा’ नामक ग्रंथ में परोपकार और कल्याण की व्याख्या बड़े ही वस्तुनिष्ट ढंग से करता है. स्मिथ के अनुसार अभ्यास की कमी के कारण हमारा मानस एकाएक ऐसी मान्यताओं को स्वीकारने को तैयार नहीं होता, हालांकि हमारा आचरण निरंतर उसी ओर इंगित करता रहता है. हमारे अंतर्मन में मौजूद द्वंद्व हमें निरंतर मथते रहते हैं. एक स्थान पर वह लिखता है कि केवल धर्म अथवा परोपकार के बल पर आवश्यकताओं की पूर्ति असंभव है. उसके लिए व्यक्तिगत हितों की उपस्थिति भी अनिवार्य है. वह लिखता है—
‘हमारा भोजन किसी कसाई, शराब खींचनेवाले या तंदूरवाले की दयालुता की सौगात नहीं है. यह उनके निहित लाभ के लिए, स्वयं के लिए किए गए कार्य का प्रतिफल है.’
स्मिथ के अनुसार यदि कोई आदमी धनार्जन के लिए परिश्रम करता है तो यह उसका अपने सुख के लिए किया गया कार्य है. लेकिन उसका प्रभाव स्वयं उस तक ही सीमित नहीं रहता. धनार्जन की प्रक्रिया में वह किसी ने किसी प्रकार दूसरों से जुड़ता है. उनका सहयोग लेता है तथा अपने उत्पाद के माध्यम से अपने साथ–साथ अपने समाज की आवश्यकताएं पूरी करता है. स्पर्धा के बीच कुछ कमाने के लिए उसे दूसरों से अलग, कुछ न कुछ उत्पादन करना ही पड़ता है. उत्पादन तथा उत्पादन के लिए प्रयुक्त तकनीक की विशिष्टता का अनुपात ही उसकी सफलता तय करता है. ‘राष्ट्रों की संपदा’ नामक ग्रंथ में स्मिथ लिखता है कि—
‘प्रत्येक उद्यमी निरंतर इस प्रयास में रहता है कि वह अपनी निवेश राशि पर अधिक से अधिक लाभ अर्जित कर सके. यह कार्य वह अपने लिए, केवल अपने भले की कामना के साथ करता है, न कि समाज के कल्याण की खातिर. यह भी सच है कि अपने भले के लिए ही वह अपने व्यवसाय को अधिक से अधिक आगे ले जाने, उत्पादन और रोजगार के अवसरों को ज्यादा से ज्यादा विस्तार देने का प्रयास करता है. किंतु इस प्रक्रिया में देर–सवेर समाज का भी हित–साधन होता है.’
पांच खंडों में लिखी गई पुस्तक ‘राष्ट्रों की संपदा’ में स्मिथ किसी राष्ट्र की समृद्धि के कारणों और उनकी प्रकृति को स्पष्ट करने का प्रयास भी किया है. किंतु उसका आग्रह अर्थव्यवस्था पर कम से कम नियंत्रण के प्रति रहा है. स्मिथ के अनुसार समृद्धि का पहला कारण श्रम का अनुकूल विभाजन है. यहां अनुकूलता का आशय किसी भी व्यक्ति की कार्यकुशलता का सदुपयोग करते हुए उसे अधिकतम उत्पादक बनाने से है. इस तथ्य को स्पष्ट करने के लिए स्मिथ का एक उदाहरण बहुत ही चर्चित रहा है—
‘कल्पना करें कि दस कारीगर मिलकर एक दिन में अड़तालीस हजार पिन बना सकते हैं, बशर्ते उनकी उत्पादन प्रक्रिया को अलग–अलग हिस्सों में बांटकर उनमें से हर एक को उत्पादन प्रक्रिया का कोई खास कार्य सौंप दिया जाए. किसी दिन उनमें से एक भी कारीगर यदि अनुपस्थित रहता है तो; उनमें से एक कारीगर दिन–भर में एक पिन बनाने में भी शायद ही कामयाब हो सके. इसलिए कि किसी कारीगर विशेष की कार्यकुशलता उत्पादन प्रक्रिया के किसी एक चरण को पूरा कर पाने की कुशलता है.’
स्मिथ मुक्त व्यापार के पक्ष में था. उसका कहना था कि सरकारों को वे सभी कानून उठा लेने चाहिए जो उत्पादकता के विकास के आड़े आकर उत्पादकों को हताश करने का कार्य करते हैं. उसने परंपरा से चले आ रहे व्यापार–संबंधी कानूनों का विरोध करते हुए कहा कि इस तरह के कानून उत्पादकता पर नकारात्मक प्रभाव डालते हैं. उसने आयात के नाम पर लगाए जाने वाले करों एवं उसका समर्थन करने वाले कानूनों का भी विरोध किया है. अर्थशास्त्र के क्षेत्र में उसका सिद्धांत ‘लैसे फेयर’ के नाम से जाना जाता है. जिसका अभिप्रायः है—उन्हें स्वेच्छापूर्वक कार्य करने दो (let them do). दूसरे शब्दों में स्मिथ उत्पादन की प्रक्रिया की निर्बाधता के लिए उसकी नियंत्रणमुक्ति चाहता था. वह उत्पादन–क्षेत्र के विस्तार के स्थान पर उत्पादन के विशिष्टीकरण के पक्ष में था, ताकि मशीनी कौशल एवं मानवीय श्रम का अधिक से अधिक लाभ उठाया जाए. उत्पादन सस्ता हो और वह अधिकतम तक पहुंच सके. उसका कहना था कि—
‘किसी वस्तु को यदि कोई देश हमारे देश में आई उत्पादन लागत से सस्ती देने को तैयार है तो यह हमारा कर्तव्य है कि उसको वहीं से खरीदें. तथा अपने देश के श्रम एवं संसाधनों का नियोजन इस प्रकार करें कि वह अधिकाधिक कारगर हो सकें तथा हम उसका उपयुक्त लाभ उठा सकें.’
स्मिथ का कहना था कि समाज का गठन विभिन्न प्रकार के व्यक्तियों, अनेक सौदागरों के बीच से होना चाहिए. बगैर किसी पारस्पिरिक लाभ अथवा कामना के होना चाहिए. उत्पादन की इच्छा ही उद्यमिता की मूल प्रेरणाशक्ति है. लेकिन उत्पादन के साथ लाभ की संभावना न हो, यदि कानून मदद करने के बजाय उसके रास्ते में अवरोधक बनकर खड़ा हो जाए, तो उसकी इच्छा मर भी सकती है. उस स्थिति में उस व्यक्ति और राष्ट्र दोनों का ही नुकसान है. स्मिथ के अनुसार—
‘उपभोग का प्रत्यक्ष संबंध उत्पादन से है. कोई भी व्यक्ति इसलिए उत्पादन करता करता है, क्योंकि वह उत्पादन की इच्छा रखता है. इच्छा पूरी होने पर वह उत्पादन की प्रक्रिया से किनारा कर सकता है अथवा कुछ समय के लिए उत्पादन की प्रक्रिया को स्थगित भी कर सकता है. जिस समय कोई व्यक्ति अपनी आवश्यकता से अधिक उत्पादन कर लेता है, उस समय अतिरिक्त उत्पादन को लेकर उसकी यही कामना होती है कि उसके द्वारा वह किसी अन्य व्यक्ति से, किसी और वस्तु की फेरबदल कर सके. यदि कोई व्यक्ति कामना तो किसी वस्तु की करता है तथा बनाता कुछ और है, तब उत्पादन को लेकर उसकी यही इच्छा हो सकती है कि वह उसका उन वस्तुओं के साथ विनिमय कर सके, जिनकी वह कामना करता है और उन्हें उससे भी अच्छी प्रकार से प्राप्त कर सके, जैसा वह उन्हें स्वयं बना सकता था.’
स्मिथ ने कार्य–विभाजन को पूर्णतः प्राकृतिक मानते हुआ उसका मुक्त स्वर में समर्थन किया है. यह उसकी वैज्ञानिक दृष्टि एवं दूरदर्शिता को दर्शाता है. उसके विचारों के आधार पर अमेरिका और यूरोपीय देशों ने मुक्त अर्थव्यवस्था को अपनाया. शताब्दियों बाद भी उसके विचारों की प्रासंगिकता यथावत बनी हुई है. औद्योगिक स्पर्धा में बने रहने के लिए चीन और रूस जैसे कट्टर साम्यवादी देश भी मुक्त अर्थव्यवस्था के समर्थक बने हुए हैं. उत्पादन के भिन्न–भिन्न पहलुओं का विश्लेषण करते हुए स्मिथ ने कहा कि उद्योगों की सफलता में मजदूर और कारीगर का योगदान भी कम नहीं होता. वे अपना श्रम–कौशल निवेश करके उत्पादन में सहायक बनते हैं.
स्मिथ का यह भी लिखा है ऐसे स्थान पर जहां उत्पादन की प्रवृत्ति को समझना कठिन हो, वहां पर मजदूरी की दरें सामान्य से अधिक हो सकती हैं. इसलिए कि लोग, जब तक कि उन्हें अतिरिक्त रूप से कोई लाभ न हो, सीखना पसंद ही नहीं करेंगे. अतिरिक्त मजदूरी अथवा सामान्य से अधिक अर्जन की संभावना उन्हें नई प्रविधि अपनाने के लिए प्रेरित करती हैं. इस प्रकार स्मिथ ने सहज मानववृत्ति के विशिष्ट लक्षणों की ओर संकेत किया है. इसी प्रकार ऐसे कार्य जहां व्यक्ति को स्वास्थ्य की दृष्टि से प्रतिकूल स्थितियों में कार्य करना पड़े अथवा असुरक्षित स्थानों पर चल रहे कारखानों में मजदूरी की दरें सामान्य से अधिक रखनी पड़ेंगी. नहीं तो लोग सुरक्षित और पसंदीदा ठिकानों की ओर मजदूरी के लिए भागते रहेंगे और वैसे कारखानों में प्रशिक्षित कर्मियों का अभाव बना रहेगा.
स्मिथ ने तथ्यों का प्रत्येक स्थान पर बहुत ही संतुलित तथा तर्कसंगत ढंग से उपयोग किया है. अपनी पुस्तक ‘राष्ट्रों की संपदा’ में वह स्पष्ट करता है कि कार्य की प्रवृत्ति के अंतर को वेतन के अंतर से संतुलित किया जा सकता है. उसके लेखन की एक विशेषता यह भी है कि वह बात को समझाने के लिए लंबे–लंबे वर्णन के बजाए तथ्यों एवं तर्कों का सहारा लेता है. उत्पादन–व्यवस्था के अंतरराष्ट्रीयकरण को लेकर भी स्मिथ के विचार आधुनिक अर्थचिंतन की कसौटी पर खरे उतरते हैं. इस संबंध में उसका मत था कि—
‘यदि कोई विदेशी मुल्क हमें किसी उपभोक्ता सामग्री को अपेक्षाकृत सस्ता उपलब्ध कराने को तैयार है तो उसे वहीं से मंगवाना उचित होगा. क्योंकि उसी के माध्यम से हमारे देश की कुछ उत्पादक शक्ति ऐसे कार्यों को संपन्न करने के काम आएगी जो कतिपय अधिक महत्त्वपूर्ण एवं लाभकारी हैं. इस व्यवस्था से अंततोगत्वा हमें लाभ ही होगा.’
विश्लेषण के दौरान स्मिथ की स्थापनाएं केवल पिनों की उत्पादन तकनीक के वर्णन अथवा एक कसाई तथा रिक्शाचालक के वेतन के अंतर को दर्शाने मात्र तक सीमित नहीं रहतीं. बल्कि उसके बहाने से वह राष्ट्रों के जटिल राजनीतिक मुद्दों को सुलझाने का भी काम करता है. अर्थ–संबंधों के माध्यम से अंतरराष्ट्रीय रणनीति बनाने का चलन आजकल आम हो चला है. संपन्न औद्योगिक देश यह कार्य बड़ी कुशलता के साथ करते हैं. मगर उसके बीजतत्व स्मिथ के चिंतन में अठारहवीं शताब्दी से ही मौजूद हैं.
‘राष्ट्रों की संपदा’ शृंखला की चैथी पुस्तक में सन 1776 में स्मिथ ने ब्रिटिश सरकार से साफ–साफ कह दिया था कि उसकी अमेरिकन कालोनियों पर किया जाने व्यय, उनके अपने मूल्य से अधिक है. इसका कारण स्पष्ट करते हुए उसने कहा था कि ब्रिटिश राजशाही बहुत खर्चीली व्यवस्था है. उसने आंकड़ों के आधार पर यह सिद्ध किया था कि राजनीतिक नियंत्रण के स्थान पर एक साफ–सुथरी अर्थनीति, नियंत्रण के लिए अधिक कारगर व्यवस्था हो सकती है. वह आर्थिक मसलों से सरकार को दूर रखने का पक्षधर था. इस मामले में स्मिथ कतिपय आधुनिक अर्थनीतिकारों से कहीं आगे था. लेकिन यदि सबकुछ अर्थिक नीतियों के माध्यम से पूंजीपतियों अथवा उनके सहयोग से बनाई गई व्यवस्था द्वारा ही संपन्न होना है तब सरकार का क्या दायित्व है? अपना वर्चस्व बनाए रखने के लिए वह क्या कर सकती है?
इस संबंध में स्मिथ का एकदम स्पष्ट मत था कि सरकार पेटेंट कानून, कांट्रेक्ट, लाइसेंस एवं का॓पीराइट जैसी व्यवस्थाओं के माध्यम से अपना नियंत्रण बनाए रख सकती है. यही नहीं सरकार सार्वजनिक महत्त्व के कार्यों जैसे कि पुल, सड़क, विश्रामालय आदि बनाने का कार्य अपने नियंत्रण में रखकर जहां राष्ट्र की समृद्धि का लाभ जन–जन पहुंचा सकती है. प्राथमिकता के क्षेत्रों में, ऐसे क्षेत्रों में जहां उद्यमियों की काम करने की रुचि कम हो, विकास की गति बनाए रखकर सरकार अपने कर्तव्यों का निर्वहन कर सकती है. पूंजीगत व्यवस्था के समर्थन में स्मिथ के विचार कई स्थान पर व्यावहारिक हैं तो कई बार वे अतिरेक की सीमाओं को पार करते हुए नजर आते हैं. वह सरकार को एक स्वयंभू सत्ता के बजाय एक पूरक व्यवस्था में बदल देने का समर्थक था. जिसका कार्य उत्पादकता में यथासंभव मदद करना है. उसका यह भी विचार था कि नागरिकों को सुविधाओं के उपयोग के अनुपात में निर्धारित शुल्क का भुगतान भी करना चाहिए. लेकिन इसका अभिप्राय यह नहीं है कि स्मिथ सरकारों को अपने नागरिकों के कल्याण की जिम्मेदारी से पूर्णतः मुक्त कर देना चाहता था. उसका मानना था कि—
‘कोई भी समाज उस समय तक सुखी एवं समृद्ध नहीं माना जा सकता, जब तक कि उसके सदस्यों का अधिकांश, गरीब, दुखी एवं अवसादग्रस्त हो.’
व्यापार और उत्पादन तकनीक के मामले में स्मिथ मुक्त स्पर्धा का समर्थक था. उसका मानना था कि अर्थव्यवस्था के क्षेत्र में स्पर्धा का आगमन ‘प्राकृतिक नियम’ के अनुरूप होगा. स्मिथ का प्राकृतिक नियम निश्चित रूप से जंगल के उस कानून का ही विस्तार है, जिसमें जीवन की जिजीविषा संघर्ष को अनिवार्य बना देती है. स्मिथ के समय में सहकारिता की अवधारणा का जन्म नहीं हुआ था, समाजवाद का विचार भी लोकचेतना के विकास के गर्भ में ही था. उसने एक ओर तो उत्पादन को स्पर्धा से जोड़कर उसको अधिक से अधिक लाभकारी बनाने पर जोर दिया. दूसरी ओर उत्पादन और नैतिकता को परस्पर संबद्ध कर उत्पादन–व्यवस्था के चेहरे को मानवीय बनाए रखने का रास्ता दिखाया. हालांकि अधिकतम मुनाफे को ही अपना अभीष्ठ मानने वाला पूंजीपति बिना किसी स्वार्थ के नैतिकता का पालन क्यों करे, उसकी ऐसी बाध्यता क्योंकर हो? इस ओर उसने कोई संकेत नहीं किया है. तो भी स्मिथ के विचार अपने समय में सर्वाधिक मौलिक और प्रभावशाली रहे हैं.
स्मिथ ने आग्रहपूर्वक कहा था कि—
‘किसी भी सभ्य समाज में मनुष्य को दूसरों के समर्थन एवं सहयोग की आवश्यकता प्रतिक्षण पड़ती है. जबकि चंद मित्र बनाने के लिए मनुष्य को एक जीवन भी अपर्याप्त रह जाता है. प्राणियों में वयस्कता की ओर बढ़ता हुआ कोई जीव आमतौर पर अकेला और स्वतंत्र रहने का अभ्यस्त हो चुका होता है. दूसरों की मदद करना उसके स्वभाव का हिस्सा नहीं होता. किंतु मनुष्य के साथ ऐसा नहीं है. उसको अपने स्वार्थ के लिए हर समय अपने भाइयों एवं सगे–संबंधियों के कल्याण की चिंता लगी रहती है. जाहिर है मनुष्य अपने लिए भी यही अपेक्षा रखता है. क्योंकि उसके लिए केवर्ल शुभकामनाओं से काम चलाना असंभव ही है. वह अपने संबंधों को और भी प्रगाढ़ बनाने का कार्य करेगा, यदि वह उनकी सुख–लालसाओं में अपने लिए स्थान बना सके. वह यह भी जताने का प्रयास करेगा कि यह उनके अपने भी हित में है कि वे उन सभी कार्यों को अच्छी तरह अंजाम दें, जिनकी वह उनसे अपेक्षा रखता है. मनुष्य दूसरों के प्रति जो भी कर्तव्य निष्पादित करता है, वह एक तरह की सौदेबाजी ही है– यानी तुम मुझको वह दो जिसको मैं चाहता हूं, बदले में तुम्हें वह सब मिलेगा जिसकी तुम कामना करते हो. किसी को कुछ देने का यही सिद्धांत है, यही एक रास्ता है, जिससे हमारे सामाजिक संबंध विस्तार पाते हैं और जिनके सहारे यह संसार चलता है. हमारा भोजन किसी कसाई, शराब खींचनेवाले या तंदूरवाले की दयालुता की सौगात नहीं है. यह उनके निहित लाभ के लिए, स्वयं के लिए किए गए कार्य का प्रतिफल है.’
इस प्रकार हम देखते हैं कि एडम स्मिथ के अर्थनीति संबंधी विचार न केवल व्यावहारिक, मौलिक और दूरदर्शितापूर्ण हैं; बल्कि आज भी अपनी प्रासंकगिता को पूर्ववत बनाए हुए हैं. शायद यह कहना ज्यादा उपयुक्त होगा कि वे पहले की अपेक्षा आज कहीं अधिक प्रासंगिक हैं. उसकी विचारधारा में हमें कहीं भी विचारों के भटकाव अथवा असंमजस के भाव नहीं दिखते. स्मिथ को भी मान्यताओं पर पूरा विश्वास था, यही कारण है कि वह अपने तर्क के समर्थन में अनेक तथ्य जुटा सका. यही कारण है कि आगे आने वाले अर्थशास्त्रियों को जितना प्रभावित स्मिथ ने किया; उस दौर का कोई अन्य अर्थशास्त्री वैसा नहीं कर पाया.
हालांकि अपने विचारों के लिए एडम स्मिथ को लोगों की आलोचनाओं का सामना भी करना पड़ा. कुछ विद्वानों का विचार है कि उसके विचार एंडरर्स चांडिनिअस(Anders Chydenius) की पुस्तक ‘दि नेशनल गेन (The National Gain, 1765) तथा डेविड ह्यूम आदि से प्रभावित हैं. कुछ विद्वानों ने उसपर अराजक पूंजीवाद को बढ़ावा देने के आरोप भी लगाए हैं. मगर किसी भी विद्वान के विचारों का आकलन उसकी समग्रता में करना ही न्यायसंगत होता है. स्मिथ के विचारों का आकलन करने वाले विद्वान अकसर औद्योगिक उत्पादन संबंधी विचारों तक ही सिमटकर रह जाते हैं, वे भूल जाते हैं कि स्मिथ की उत्पादन संबंधी विचारों में सरकार और नागरिकों के कर्तव्य भी सम्मिलित हैं. जो भी हो, उसकी वैचारिक प्रखरता का प्रशंसा उसके तीव्र विरोधियों ने भी की है. दुनिया के अनेक विद्वान, शोधार्थी आज भी उसके आर्थिक सिद्धांतों का विश्लेषण करने में लगे हैं. एक विद्वान के विचारों की प्रासंगिकता यदि शताब्दियों बाद भी बनी रहे तो यह निश्चय ही उसकी महानता का प्रतीक है. जबकि स्मिथ ने तो विद्वानों की पीढ़ियों को न केवल प्रभावित किया, बल्कि अर्थशास्त्रियों की कई पीढ़ियां तैयार भी की हैं.
 कार्य एवं महत्व 

आडम स्मिथ मुख्यतः अपनी दो रचनाओं के लिये जाने जाते हैं- 
 थिअरी ऑफ मोरल सेंटिमेन्ट्स (The Theory of Moral Sentiments (1759)) तथा
 ऐन इन्क्वायरी इन्टू द नेचर ऐण्ड काजेज ऑफ द वेल्थ ऑफ नेशन्स (An Inquiry into the Nature and Causes of the Wealth of Nations)
 वाह्य सूत्र 

  at MetaLibri Digital Library (PDF)
  at MetaLibri Digital Library
  at the 
  at the . Cannan edition. Definitive, fully searchable, free online
  from  - full text; formatted for easy on-screen reading
  from the  - elegantly formatted for on-screen reading

श्रेणी:अर्थशास्त्री
श्रेणी:व्यक्तिगत जीवन",राष्ट्रों की संपदा' नामक पुस्तक किसके द्वारा लिखित है?,एडम स्मिथ
"अफ़्रीका में धर्म बहुआयामी हैं। अधिकांश लोग या तो इस्लाम को मानते हैं या ईसाई धर्म को। इस्लाम और ईसाई धर्म मेंअफ़्रीकी लोग विभिन्न प्रकार की धार्मिक मान्यताओं को स्वीकार करते हैं[1] और इनके धार्मिक आस्था के अंकड़े एकत्र कर पाना बहुत ही मुश्किल है, क्योंकि ये कई आस्थाओं वाली मिश्रित जनसंख्या की सरकारों के लिए बहुत ही संवेदनशील विषय होता है।[2] वर्ल्ड बुक विश्वकोष के अनुसार अफ़्रीका का सबसे बड़ा मान्य धर्म इस्लाम है। इसके बाद यहां ईसाई आते हैं। ब्रिटैनिका विश्वकोष के अनुसार यहां की कुल जनसंख्या का ४५% भाग मुस्लिम और ४०% ईसाई लोग हैं। १५% से कम लोग या तो नास्तिक हैं, या अफ़्रीकी धर्मों को मानने वाले हैं। एक बहुत ही छोटा प्रतिशत हिन्दुओं, बहाई लोगों और यहूदियों को जाता है। यहूदियों के क्षेत्र यहां बीटा इज़्राइल, लेम्बा लोग और पूर्वी युगांडा के अबयुदय हैं। 


यहां एक प्रकार की स्पर्धा चलती रहती है, कि कौन बड़ा है। किंतु यहां के बहुत से लोग दोनों ही धर्मों का एकसाथ पालन करते हुए चलते हैं और साथ ही यहां के पारंपरिक अफ़्रीकी धर्मों को भी मानते हैं। यहां के पारम्परिक धर्म लोक-संस्कृति पर आधारित हैं। 
 अब्राहमिक धर्म 
अफ़्रीकी बहुमत अब्राहमिक धर्म मानता है: इस्लाम एवं ईसाई। दोनों ही अफ़्रीका पर्यन्त फैले हुए हैं। २००० के आंकड़ों के अनुसार यहां ४५% जनसंख्या ईसाई एवं ४०.६% जनसंख्या मुस्लिम है। 
 ईसाइ धर्म 
ईसाई धर्म यहां राजा एज़ाना के एक्ज़म राज्य का शाही धर्म ३३० ई में घोषित हुआ था। इथियोपिया में प्रथम शताब्दी में आया। यूरोपियाई सेलर, फ़्रुमेन्टियस ४३० ई में इथियोपिया आया, तब उसका स्वागत वहां के शासकों ने किया, जो इसाई नहीं थे। उसके अनुसार दस वर्ष बाद राजा सहित पूरी प्रजा ने ईसाई धर्म ग्रहण किया व राजधर्म घोषित हुआ।
 इस्लाम 
इस्लाम के अनुयायी पूरे महाद्वीप में फैले हुए हैं। इस धर्म की जड़ें पैगम्बर मुहम्मद के समय तक जाती हैं, जब उनके संबंधी एवं अनुयायी एबेसिनिया में पैगन अरब लोगों से अपनी जान बचाने आये थे। इस्लाम अफ़्रीका में सिनाई प्रायद्वीप एवं मिस्र के रास्ते आया। इसका पूर्ण सहयोग इस्लामिक अरब एवं फारसी व्यापारियों एवं नाविकों ने किया। इस्लाम उत्तरी अफ़्रीका एवं अफ़्रीका के सींग में प्रधान धर्म है। पश्चिमी अफ़्रीका के आंतरिक भागों एवं तटीय क्षेत्रों में और पूर्वी अफ़्रीका के तटीय क्षेत्रों में भी यह ऐतिहासिक एवं प्रधान धर्म है। यहां बहुत से मुस्लिम साम्राज्य रहे हैं। इस्लाम की द्रुत-प्रगति बीसवीं एवं इक्कीसवीं शताब्दियों तक होती आयी है। न्यू यॉर्क टाइम्स के अनुसार ईसाई धर्म यहां एक अन्यदेशी धर्म ही रहा है।
 यहूदी 
यहूदी धर्म के लोग भी अफ़्रीका पर्यन्त फैले हुए मिलेंगे। बाहरी लोगों को अफ़्रीका में ईसाई एवं इस्लाम धर्मों के इतिहास जैसा नहीं प्रतीत होने पर भी यहूदी धर्म की यहां प्राचीन एवं समृद्ध इतिहास है। आज यहां कई देशों में यहूदी समुदाय हैं, जिनमें इथियोपिया के बीटा इज़्रायल, युगांडा के अब्युदय, घाना के हाउस ऑफ़ इज़्राइल, नाइजीरिया के इगबो यहूदी एवं दक्षिणी अफ़्रीका के लेम्बा लोग मुख्य हैं।
 हिन्दू धर्म 
इस्लाम, ईसाई एवं यहूदियों की अपेक्षा हिन्दू धर्म का इतिहास यहां अत्यन्त लघु है। हालांकि इसके अनुयाइयों की उपस्थिति यहां साम्राज्यवाद-काल से बहुत पहले, बल्कि मध्यकाल से ही रही है। दक्षिण अफ़्रीका एवं पूर्व अफ़्रीकी तटीय देशों में हिन्दू जनसंख्या उल्लेखनीय रही है।
 पारम्परिक धर्म 
पारम्परिक अफ़्रीकी धर्मों में ढेरों मान्यताएं और विश्वास प्रचलित हैं। ये कई अफ़्रीकी समाजों द्वारा माने जाते रहे हैं, किंतु खास जाति विशेष के लिए ये खास होते हैं। कई परिवर्तन किये हुए मुस्लिम एवं ईसाई लोग इन मान्यताओं को अभी भी मानते हैं। पश्चिम अफ़्रीका के बहुत से पारंपरिक मतों में से कुछ यहां दिए हुए हैं। ये बेनिन, नाइजीरिया, घाना आदि में प्रचलित हैं।
लेगबा, सांगो, एबोह, आदि

 सन्दर्भ 


श्रेणी:अफ़्रीका
श्रेणी:अफ़्रीकी संस्कृति",वर्ल्ड बुक विश्वकोष के अनुसार अफ़्रीका का सबसे बड़ा मान्य धर्म कौन सा है?,इस्लाम
"जल 
पानी सभी जीवों के लिए एक महत्वपूर्ण विलायक है
और पृथ्वी की सतह पर बहुतायत में मिलने वाला यौगिक है। सूचना एंव गुण साधारण नाम जल, पानी नीर  IUPAC नाम वैकल्पिक नाम एक्वा, डाईहाइड्रोजन मोनो ऑक्साइड, 
हाइड्रोजन हाइड्रॉक्साइड, (और) अणु सूत्र H2O CAS संख्या 7732-18-5 InChI InChI=1/H2O/h1H2 मोलर द्रव्यमान 18.0153 g/mol घनत्व और रूप 0.998 g/cm³ (द्रव 20°C पर, 1 atm)
 0.917 g/cm³ (ठोस 0°C पर, 1 atm) गलनांक 0 °C (273.15 K) (32 °F) क्वथनांक 99.974°C (373.124 K) (211.95°F) विशिष्ठ उष्मा क्षमता 4.184 J/(g·K) (द्रव 20°C पर)
 74.539 J/ (mol·K) (द्रव 25°C पर) Supplementary data pageDisclaimer and references
जल या पानी एक आम रासायनिक पदार्थ है जिसका अणु दो हाइड्रोजन परमाणु और एक ऑक्सीजन परमाणु से बना है - H2O। यह सारे प्राणियों के जीवन का आधार है। आमतौर पर जल शब्द का प्प्रयोग द्रव अवस्था के लिए उपयोग में लाया जाता है पर यह ठोस अवस्था (बर्फ) और गैसीय अवस्था (भाप या जल वाष्प) में भी पाया जाता है। पानी जल-आत्मीय सतहों पर तरल-क्रिस्टल के रूप में भी पाया जाता है।[1][2]
पृथ्वी का लगभग 71% सतह को 1.460 पीटा टन (पीटी) (1021 किलोग्राम) जल से आच्छदित है जो अधिकतर महासागरों और अन्य बड़े जल निकायों का हिस्सा होता है इसके अतिरिक्त, 1.6% भूमिगत जल एक्वीफर और 0.001% जल वाष्प और बादल (इनका गठन हवा में जल के निलंबित ठोस और द्रव कणों से होता है) के रूप में पाया जाता है।[3] 
खारे जल के महासागरों में पृथ्वी का कुल 97%, हिमनदों और ध्रुवीय बर्फ चोटिओं में 2.4% और अन्य स्रोतों जैसे नदियों, झीलों और तालाबों में 0.6% जल पाया जाता है। पृथ्वी पर जल की एक बहुत छोटी मात्रा, पानी की टंकिओं, जैविक निकायों, विनिर्मित उत्पादों के भीतर और खाद्य भंडार में निहित है। बर्फीली चोटिओं, हिमनद, एक्वीफर या झीलों का जल कई बार धरती पर जीवन के लिए साफ जल उपलब्ध कराता है।
जल लगातार एक चक्र में घूमता रहता है जिसे जलचक्र कहते है, इसमे वाष्पीकरण या ट्रांस्पिरेशन, वर्षा और बह कर सागर में पहुॅचना शामिल है। हवा जल वाष्प को स्थल के ऊपर उसी दर से उड़ा ले जाती है जिस गति से यह बहकर सागर में पहँचता है लगभग 36 Tt (1012किलोग्राम) प्रति वर्ष। भूमि पर 107 Tt वर्षा के अलावा, वाष्पीकरण 71 Tt प्रति वर्ष का अतिरिक्त योगदान देता है। साफ और ताजा पेयजल मानवीय और अन्य जीवन के लिए आवश्यक है, लेकिन दुनिया के कई भागों में खासकर विकासशील देशों में भयंकर जलसंकट है और अनुमान है कि 2025 तक विश्व की आधी जनसंख्या इस जलसंकट से दो-चार होगी।.[4]
जल विश्व अर्थव्यवस्था में एक महत्वपूर्ण भूमिका निभाता है, क्योंकि यह रासायनिक पदार्थों की एक विस्तृत श्रृंखला के लिए विलायक के रूप में कार्य करता है और औद्योगिक प्रशीतन और परिवहन को सुगम बनाता है। मीठे जल की लगभग 70% मात्रा की खपत कृषि में होती है।[5]
पदार्थों में से है जो पृथ्वी पर प्राकृतिक रूप से सभी तीन अवस्थाओं में मिलते हैं। जल पृथ्वी पर कई अलग अलग रूपों में मिलता है: आसमान में जल वाष्प और बादल; समुद्र में समुद्री जल और कभी कभी हिमशैल; पहाड़ों में हिमनद और नदियां ; और तरल रूप में भूमि पर एक्वीफर के रूप में।
जल में कई पदार्थों को घोला जा सकता है जो इसे एक अलग स्वाद और गंध प्रदान करते है। वास्तव में, मानव और अन्य जानवरों समय के साथ एक दृष्टि विकसित हो गयी है जिसके माध्यम से वो जल के पीने को योग्यता का मूल्यांकन करने में सक्षम होते हैं और वह बहुत नमकीन या सड़ा हुआ जल नहीं पीते हैं। मनुष्य ठंडे से गुनगुना जल पीना पसंद करते हैं; ठंडे जल में रोगाणुओं की संख्या काफी कम होने की संभावना होती है। शुद्ध पानी H2O स्वाद में फीका होता है जबकि सोते (झरने) के पानी या लवणित जल (मिनरल वाटर) का स्वाद इनमे मिले खनिज लवणों के कारण होता है। सोते (झरने) के पानी या लवणित जल की गुणवत्ता से अभिप्राय इनमे विषैले तत्वों, प्रदूषकों और रोगाणुओं की अनुपस्थिति से होता है।
 रसायनिक और भौतिक गुण 


जल एक रसायनिक पदार्थ है जिसका रसायनिक सूत्र H2O है: जल के एक अणु में दो हाइड्रोजन के परमाणु सहसंयोजक बंध के द्वारा एक ऑक्सीजन के परमाणु से जुडे़ रहते हैं।
जल के प्रमुख रसायनिक और भौतिक गुण हैं:
जल सामान्य तापमान और दबाव में एक फीका, बिना गंध वाला तरल है। जल और बर्फ़ का रंग बहुत ही हल्के नीला होता है, हालांकि जल कम मात्रा में रंगहीन लगता है। बर्फ भी रंगहीन लगती है और जल वाष्प मूलतः एक गैस के रूप में अदृश्य होता है।[6]
 जल पारदर्शी होता है, इसलिए जलीय पौधे इसमे जीवित रह सकते हैं क्योंकि उन्हे सूर्य की रोशनी मिलती रहती है। केवल शक्तिशाली पराबैंगनी किरणों का ही कुछ हद तक यह अवशोषण कर पाता है।
ऑक्सीजन की वैद्युतऋणात्मकता हाइड्रोजन की तुलना में उच्च होती है जो जल को एक ध्रुवीय अणु बनाती है। ऑक्सीजन कुछ ऋणावेशित होती है, जबकि हाइड्रोजन कुछ धनावेशित होती है जो अणु को द्विध्रुवीय बनाती है। प्रत्येक अणु के विभिन्न द्विध्रुवों के बीच पारस्परिक संपर्क एक शुद्ध आकर्षण बल को जन्म देता है जो जल को उच्च पृष्ट तनाव प्रदान करता है।
 एक अन्य महत्वपूर्ण बल जिसके कारण जल अणु एक दूसरे से चिपक जाते हैं, हाइड्रोजन बंध है।[7]
 जल का क्वथनांक (और अन्य सभी तरल पदार्थ का भी) सीधे बैरोमीटर का दबाव से संबंधित होता है। उदाहरण के लिए, एवरेस्ट पर्वत के शीर्ष पर, जल 68°C पर उबल जाता है जबकि समुद्रतल पर यह 100°C होता है। इसके विपरीत गहरे समुद्र में भू-उष्मीय छिद्रों के निकट जल का तापमान सैकड़ों डिग्री तक पहुँच सकता है और इसके बावजूद यह द्रवावस्था में रहता है।
 जल का उच्च पृष्ठ तनाव, जल के अणुओं के बीच कमजोर अंतःक्रियाओं के कारण होता है (वान डर वाल्स बल) क्योंकि यह एक ध्रुवीय अणु है। पृष्ठ तनाव द्वारा उत्पन्न यह आभासी प्रत्यास्था (लोच), केशिका तरंगों को चलाती है।
 अपनी ध्रुवीय प्रकृति के कारण जल में उच्च आसंजक गुण भी होते है।
 केशिका क्रिया, जल को गुरुत्वाकर्षण से विपरीत दिशा में एक संकीर्ण नली में चढ़ने को कहते हैं। जल के इस गुण का प्रयोग सभी संवहनी पौधों द्वारा किया जाता है।
 जल एक बहुत प्रबल विलायक है, जिसे सर्व-विलायक भी कहा जाता है। वो पदार्थ जो जल में भलि भाँति घुल जाते है जैसे लवण, शर्करा, अम्ल, क्षार और कुछ गैसें विशेष रूप से ऑक्सीजन, कार्बन डाइऑक्साइड उन्हे हाइड्रोफिलिक (जल को प्यार करने वाले) कहा जाता है, जबकि दूसरी ओर जो पदार्थ अच्छी तरह से जल के साथ मिश्रण नहीं बना पाते है जैसे वसा और तेल, हाइड्रोफोबिक (जल से डरने वाले) कहलाते हैं।
 कोशिका के सभी प्रमुख घटक (प्रोटीन, डीएनए और बहुशर्कराइड) भी जल में घुल जाते हैं।
 शुद्ध जल की विद्युत चालकता कम होती है, लेकिन जब इसमे आयनिक पदार्थ सोडियम क्लोराइड मिला देते है तब यह आश्चर्यजनक रूप से बढ़ जाती है।
 अमोनिया के अलावा, जल की विशिष्ट उष्मा क्षमता किसी भी अन्य ज्ञात रसायन से अधिक होती है, साथ ही उच्च वाष्पीकरण ऊष्मा (40.65 kJ mol−1) भी होती है, यह दोनों इसके अणुओं के बीच व्यापक हाइड्रोजन बंधों का परिणाम है। जल के यह दो असामान्य गुण इसे तापमान में हुये उतार-चढ़ाव का बफ़रण कर पृथ्वी की जलवायु को नियमित करने पात्रता प्रदान करते हैं।
 जल का घनत्व अधिकतम 3.98°C पर होता है।[8] जमने पर जल का घनत्व कम हो जाता है और यह इसका आयतन 9% बढ़ जाता है। यह गुण एक असामान्य घटना को जन्म देता जिसके कारण: बर्फ जल के ऊपर तैरती है और जल में रहने वाले जीव आंशिक रूप से जमे हुए एक तालाब के अंदर रह सकते हैं क्योंकि तालाब के तल पर जल का तापमान 4°C के आसपास होता है।

 जल कई तरल पदार्थ के साथ मिश्रय होता है, जैसे इथेनॉल, सभी अनुपातों में यह एक एकल समरूप तरल बनाता है। दूसरी ओर, जल और तेल अमिश्रय होते हैं और मिलाने परत बनाते है और इन परतों में सबसे ऊपर वाली परत का घनत्व सबसे कम होता है। गैस के रूप में, जल वाष्प पूरी तरह हवा के साथ मिश्रय है।
 जल अन्य कई विलायकों के साथ एक एज़िओट्रोप बनाता है।
 जल को हाइड्रोजन और आक्सीजन में विद्युतपघटन द्वारा विभाजित किया जा सकता है।
 हाइड्रोजन की एक ऑक्साइड के रूप में, जब हाइड्रोजन या हाइड्रोजन-यौगिकों जलते हैं या ऑक्सीजन या ऑक्सीजन-यौगिकों के साथ प्रतिक्रिया करते हैं तब जल का सृजन होता है। जल एक ईंधन नहीं है। यह हाइड्रोजन के दहन का अंतिम उत्पाद है। जल को विद्युतपघटन द्वारा वापस हाइड्रोजन और आक्सीजन में विभाजन करने के लिए आवश्यक ऊर्जा, हाइड्रोजन और ऑक्सीजन को पुनर्संयोजन से उत्सर्जित ऊर्जा से अधिक होती है।
 वह तत्व जो हाइड्रोजन से अधिक वैद्युतधनात्मक (electropositive) होते हैं जैसे लिथियम, सोडियम, कैल्शियम, पोटेशियम और सीजयम, वो जल से हाइड्रोजन को विस्थापित कर हाइड्रोक्साइड (जलीयऑक्साइड) बनाते हैं। एक ज्वलनशील गैस होने के नाते, हाइड्रोजन का उत्सर्जन खतरनाक होता है और जल की इन वैद्युतधनात्मक तत्वों के साथ प्रतिक्रिया बहुत विस्फोटक होती है।
 जल संसाधन 

और इसे भी देखें भारत के जल संसाधन
जल का उपयोग जब मानव करता है तो यह उसके लिये संसाधन हो जाता है। दैनिक कार्यों से लेकर कृषि में और विविध उद्द्योगों में जल का उपयोग होता है। जल मानव जीवन के लिये इतना महत्वपूर्ण संसाधन है कि यह मुहावरा ही प्रचलित है कि जल ही जीवन है।
 जीवन पर प्रभाव 
जैविक दृष्टिकोण से, पानी में कई विशिष्ट गुण हैं जो जीवन के प्रसार के लिए महत्वपूर्ण हैं। यह कार्बनिक यौगिकों को उन तरीकों पर प्रतिक्रिया देने की अनुमति देता है जो अंततः प्रतिकृति की अनुमति देती है। जीवन के सभी ज्ञात रूप पानी पर निर्भर करते हैं। जल एक विलायक के रूप में दोनों महत्वपूर्ण है जिसमें शरीर के कई विलायकों को भंग किया जाता है और शरीर के भीतर कई चयापचय प्रक्रियाओं का एक अनिवार्य हिस्सा होता है।
पानी प्रकाश संश्लेषण और श्वसन के लिए मौलिक है। ऑक्सीजन से पानी के हाइड्रोजन को अलग करने के लिए प्रकाश संश्लेषक कोशिका सूर्य की ऊर्जा का उपयोग करते हैं। हाइड्रोजन CO2 (हवा या पानी से अवशोषित) के साथ मिलाकर ग्लूकोज और ऑक्सीजन को रिलीज करने के लिए जोड़ा जाता है। सभी जीवित कोशिकाओं ने इस तरह के ईंधन का उपयोग किया और सूर्य की ऊर्जा को प्राप्त करने के लिए हाइड्रोजन और कार्बन को ऑक्सीकरण, प्रक्रिया में पानी और CO2 (सेलुलर श्वसन) का उपयोग किया।
 कृषि 
पानी का सबसे महत्वपूर्ण उपयोग कृषि में है, जो खाने के उत्पाद में महत्वपूर्ण है| कुछ विकासशील देशों  ९०% पानी का उपयोग सिंचाई में होता है [9] और अधिक आर्थिक रूप से विकसित देशों में भी बहुत सारा उत्पाद होता है (जैसे अमरीका में, 30% ताजे मिठे जल का उपयोग सिंचाई के लिए होता है)।[10]
पचास साल पहले, आम धारणा यह थी कि पानी एक अनंत संसाधन था। उस समय, धरती पर इंसानों की संख्या आज के संख्या के आधे से भी काम था। लोग भी आज जितने आमिर नहीं थे और खाना, खास तौर पर, मांस कम खाते थे, इसलिए उनके भोजन का उत्पादन करने के लिए कम पानी की जरूरत थी उन्हें पानी की एक तिहाई आवश्यकता हथी जो हम वर्तमान में नदियों से लेते हैं। आज, जल संसाधनों के लिए प्रतिस्पर्धा तीव्र है, जो ""पीक पानी"" की अवधारणा को जन्म देती है।[11]  इसका कारण यह है कि अब इस ग्रह पर सात अरब लोग हैं, जल-प्यास मांस और सब्जियों की खपत बढ़ रही है, और उद्योग, शहरीकरण और जैव-ईंधन फसलों से पानी की बढ़ती प्रतिस्पर्धा है। भविष्य में, भोजन का उत्पादन करने के लिए और भी ज्यादा पानी की आवश्यकता होगी क्योंकि पृथ्वी की आबादी 2050 तक 9 अरब तक पहुंचने का अनुमान है। [12]
कृषि में जल प्रबंधन का मूल्यांकन 2007 में श्रीलंका में अंतर्राष्ट्रीय जल प्रबंधन संस्थान द्वारा किया गया था यह देखने के लिए कि दुनिया के बढ़ती आबादी के लिए भोजन उपलब्ध कराने के लिए पर्याप्त पानी है या नहीं। [13] इसने वैश्विक स्तर पर कृषि के लिए पानी की मौजूदा उपलब्धता का मूल्यांकन किया और पानी की कमी से पीड़ित स्थानों का नक्शा बनाया। यह पाया गया कि दुनिया में 1.2 अरब (बिलियन) से अधिक (कुल जान-संख्या का पांचवां हिस्सा) भौतिक पानी की कमी के क्षेत्र में रहता है , जहां सभी मांगों को पूरा करने के लिए पर्याप्त पानी नहीं है। एक और 1.6 अरब (बिलियन) लोग आर्थिक जल की कमी का सामना कर रहे इलाकों में रहते हैं, जहां पानी में निवेश की कमी या अपर्याप्त मानव क्षमता से अधिकारियों को पानी की मांग को पूरा करना असंभव बना देता है। रिपोर्ट में पाया गया कि भविष्य में आवश्यक भोजन का उत्पादन करना संभव होगा, लेकिन आज के खाद्य उत्पादन और पर्यावरण के रुझान को जारी रखने से दुनिया के कई हिस्सों में संकट पैदा हो जाएगा। वैश्विक जल संकट से बचने के लिए, किसानों को भोजन की बढ़ती मांगों को पूरा करने के लिए उत्पादकता बढ़ाने का प्रयास करना होगा, और उद्योगों और शहरों को पानी  अधिक कुशलता से उपयोग करने के तरीकों खोजने होंगे|[14]
कपास के उत्पादन के कारण भी पानी की कमी हुई है: १ किलोग्राम कपास - एक जींस पतलून के बराबर - उत्पाद करने के लिए 10.9 मीटर 3 पानी का उपयोग किया जाता है। जबकि कपास का उत्पादन दुनिया क 2.4% पानी ही उपयोग करता है,यह उपयोग उन क्षेत्रों में किया जाता है जो पहले से ही पानी की कमी के जोखिम में हैं। महत्वपूर्ण पर्यावरणीय नुकसान हुआ है, जैसे कि अराल सागर के लापता होना। [15]
 जल चक्र 
(वैज्ञानिक रूप से जल विज्ञान चक्र के रूप में जाना जाता है) जल, वायुमंडल, मिट्टी के पानी, सतह के पानी, भूजल और पौधों के बीच जल के निरंतर आदान-प्रदान को दर्शाता है। पानी इन चक्रों में से प्रत्येक के माध्यम से सख्ती से जल चक्र में निम्नलिखित स्थानांतरण प्रक्रियाओं को शामिल करता है: महासागरों और अन्य जल निकायों से हवा में वाष्पीकरण और भूमि के पौधों और जानवरों से हवा में प्रत्यारोपण। वर्षा से, हवा से घनीभूत वायु वाष्प से और पृथ्वी या सागर तक गिरने से। आम तौर पर समुद्र तक पहुंचने वाले देश से बहने वाला पानी
महासागरों पर अधिकांश जल वाष्प महासागरों में लौटता है, लेकिन हवाएं समुद्र में जल प्रवाह के रूप में उसी दर पर पानी की वाष्प लेती हैं, प्रति वर्ष लगभग 47 टीटी। भूमि के ऊपर, बाष्पीकरण और संवहन प्रति वर्ष एक और 72 टीटी का योगदान करते हैं। जमीन पर प्रति वर्ष 119 टन प्रति वर्ष की दर से वर्षा होती है, इसमें कई रूप होते हैं: सबसे अधिक बारिश, बर्फ, और ओलों, कोहरे और ओस  से कुछ योगदान के साथ।ओस पानी की छोटी बूंद है जो पानी के वाष्प की एक उच्च घनत्व एक शांत सतह से मिलता है जब गाढ़ा रहे हैं ओस आम तौर पर सुबह में बना रहता है जब तापमान सबसे कम होता है, सूर्योदय से पहले और जब पृथ्वी की सतह का तापमान बढ़ना शुरू हो जाता है।
 सन्दर्भ 

इन्हें भी देखें
भारी जल
कठोर जल
आसुत जल
शोधित जल (purified water)
खनिजरहित जल (demineralised water)
खनिज जल (mineral water)
पेय जल
लवणीय जल (या, खारा जल)
 बाहरी कड़ियाँ 

  (बच्चों का कोना; केन्द्रीय जल आयोग)

श्रेणी:द्रव
श्रेणी:अकार्बनिक यौगिक",पृथ्वी का लगभग कितने प्रतिशत भाग जल से आच्छदित है?,0.71
"भारतीय थलसेना, सेना की भूमि-आधारित दल की शाखा है और यह भारतीय सशस्त्र बल का सबसे बड़ा अंग है। भारत का राष्ट्रपति, थलसेना का प्रधान सेनापति होता है,[6] और इसकी कमान भारतीय थलसेनाध्यक्ष के हाथों में होती है जो कि चार-सितारा जनरल स्तर के अधिकारी होते हैं। पांच-सितारा रैंक के साथ फील्ड मार्शल की रैंक भारतीय सेना में श्रेष्ठतम सम्मान की औपचारिक स्थिति है, आजतक मात्र दो अधिकारियों को इससे सम्मानित किया गया है। भारतीय सेना का उद्भव ईस्ट इण्डिया कम्पनी, जो कि ब्रिटिश भारतीय सेना के रूप में परिवर्तित हुई थी, और भारतीय राज्यों की सेना से हुआ, जो स्वतंत्रता के पश्चात राष्ट्रीय सेना के रूप में परिणत हुई। भारतीय सेना की टुकड़ी और रेजिमेंट का विविध इतिहास रहा हैं इसने दुनिया भर में कई लड़ाई और अभियानों में हिस्सा लिया है, तथा आजादी से पहले और बाद में बड़ी संख्या में युद्ध सम्मान अर्जित किये।[7]
भारतीय सेना का प्राथमिक उद्देश्य राष्ट्रीय सुरक्षा और राष्ट्रवाद की एकता सुनिश्चित करना, राष्ट्र को बाहरी आक्रमण और आंतरिक खतरों से बचाव, और अपनी सीमाओं पर शांति और सुरक्षा को बनाए रखना हैं। यह प्राकृतिक आपदाओं और अन्य गड़बड़ी के दौरान मानवीय बचाव अभियान भी चलाते है, जैसे ऑपरेशन सूर्य आशा, और आंतरिक खतरों से निपटने के लिए सरकार द्वारा भी सहायता हेतु अनुरोध किया जा सकता है। यह भारतीय नौसेना और भारतीय वायुसेना के साथ राष्ट्रीय शक्ति का एक प्रमुख अंग है।[8] सेना अब तक पड़ोसी देश पाकिस्तान के साथ चार युद्धों तथा चीन के साथ एक युद्ध लड़ चुकी है। सेना द्वारा किए गए अन्य प्रमुख अभियानों में ऑपरेशन विजय, ऑपरेशन मेघदूत और ऑपरेशन कैक्टस शामिल हैं। संघर्षों के अलावा, सेना ने शांति के समय कई बड़े अभियानों, जैसे ऑपरेशन ब्रासस्टैक्स और युद्ध-अभ्यास शूरवीर का संचालन किया है। सेना ने कई देशो में संयुक्त राष्ट्र के शांति मिशनों में एक सक्रिय प्रतिभागी भी रहा है जिनमे साइप्रस, लेबनान, कांगो, अंगोला, कंबोडिया, वियतनाम, नामीबिया, एल साल्वाडोर, लाइबेरिया, मोज़ाम्बिक और सोमालिया आदि सम्मलित हैं।
भारतीय सेना में एक सैन्य-दल (रेजिमेंट) प्रणाली है, लेकिन यह बुनियादी क्षेत्र गठन विभाजन के साथ संचालन और भौगोलिक रूप से सात कमान में विभाजित है। यह एक सर्व-स्वयंसेवी बल है और इसमें देश के सक्रिय रक्षा कर्मियों का 80% से अधिक हिस्सा है। यह 1,200,255 सक्रिय सैनिकों[9][10] और 909,60 आरक्षित सैनिकों[11] के साथ दुनिया की दूसरी सबसे बड़ी स्थायी सेना है। 
सेना ने सैनिको के आधुनिकीकरण कार्यक्रम की शुरुआत की है, जिसे ""फ्यूचरिस्टिक इन्फैंट्री सैनिक एक प्रणाली के रूप में"" के नाम से जाना जाता है इसके साथ ही यह अपने बख़्तरबंद, तोपखाने और उड्डयन शाखाओं के लिए नए संसाधनों का संग्रह एवं सुधार भी कर रहा है।.[12][13][14]
 उद्देश्य 
 बाहरी खतरों के विरुद्ध शक्ति संतुलन के द्वारा या युद्ध छेड़ने की स्थिति में संरक्षित राष्ट्रीय हितों, संप्रभुता की रक्षा, क्षेत्रीय अखंडता और भारत की एकता की रक्षा करना।
 सरकारी तन्त्र को छाया युद्ध और आन्तरिक खतरों में मदद करना और आवश्यकता पड़ने पर नागरिक अधिकारों में सहायता करना।""[15]
दैवीय आपदा जैसे भूकंप,बाढ़ , समुद्री तूफान ,आग लगने ,विस्फोट आदि के अवसर पर नागरिक प्रशासन की मदद करना। 
नागरिक प्रशासन के पंगु होने पर उसकी सहायता करना।
 इतिहास 

१९४७ में आजा़दी मिलने के बाद ब्रिटिश भारतीय सेना को नये बने राष्ट्र भारत  और इस्लामी गणराज्य पाकिस्तान की सेवा करने के लिये २ भागों में बांट दिया गया। ज्यादातर इकाइयों को भारत के पास रखा गया। चार गोरखा सैन्य दलों को ब्रिटिश सेना में स्थानांतरित किया गया जबकि शेष को भारत के लिए भेजा गया।
जैसा कि ज्ञात है, भारतीय सेना में ब्रिटिश भारतीय सेना से व्युत्पन्न हुयी है तो इसकी संरचना, वर्दी और परंपराओं को अनिवार्य रूप से विरासत में ब्रिटिश से लिया गया हैं|
 प्रथम कश्मीर युद्ध (१९४७) 

आजादी के लगभग तुरंत बाद से ही भारत और पाकिस्तान के बीच तनाव पैदा हो गया था और दोनों देशों के बीच पहले तीन पूर्ण पैमाने पर हुये युद्ध के बाद राजसी राज्य कश्मीर का विभाजन कर दिया गय। कश्मीर के महाराजा की भारत या पाकिस्तान में से किसी भी राष्ट्र के साथ विलय की अनिच्छा के बाद पाकिस्तान द्वारा कश्मीर के कुछ हिस्सों मे आदिवासी आक्रमण प्रायोजित करवाया गया। भारत द्वारा आरोपित पुरुषों को भी नियमित रूप से पाकिस्तान की सेना मे शामिल किया गया। जल्द ही पाकिस्तान ने अपने दलों को सभी राज्यों को अपने में संलग्न करने के लिये भेजा। महाराजा हरि सिंह ने भारत और लॉर्ड माउंटबेटन से अपनी मदद करने की याचना की, पर उनको कहा गया कि भारत के पास उनकी मदद करने के लिये कोई कारण नही है। इस पर उन्होने कश्मीर के विलय के एकतरफा सन्धिपत्र पर हस्ताक्षर किये जिसका निर्णय ब्रिटिश सरकार द्वारा लिया गया पर पाकिस्तान को यह सन्धि कभी भी स्वीकार नहीं हुई। इस सन्धि के तुरन्त बाद ही भारतीय सेना को आक्रमणकारियों से मुकाबला करने के लिये श्रीनगर भेजा गया। इस दल में जनरल थिम्मैया भी शामिल थे जिन्होने इस कार्यवाही में काफी प्रसिद्धि हासिल की और बाद में भारतीय सेना के प्रमुख बने। पूरे राज्य में एक गहन युद्ध छिड़ गया और पुराने साथी आपस मे लड़ रहे थे। दोनो पक्षों में कुछ को राज्यवार बढत मिली तो साथ ही साथ महत्वपूर्ण नुकसान भी हुआ। १९४८ के अन्त में नियन्त्रण रेखा पर लड़ रहे सैनिकों में असहज शान्ति हो गई जिसको संयुक्त राष्ट्र द्वारा भारत और पाकिस्तान में विभाजित कर दिया गया। पाकिस्तान और भा‍रत के मध्य कश्मीर में उत्पन्न हुआ तनाव कभी भी पूर्ण रूप से समाप्त नहीं हुआ है।
 संयुक्त राष्ट्र शान्ति सेना में योगदान 

वर्तमान में भारतीय सेना की एक टुकड़ी संयुक्त राष्ट्र की सहायता के लिये समर्पित रहती है। भारतीय सेना द्वारा निरंतर कठिन कार्यों में भाग लेने की प्रतिबद्धताओं की हमेशा प्रशंसा की गई है।
भारतीय सेना ने संयुक्त राष्ट्र के कई शांति स्थापित करने की कार्यवाहियों में भाग लिया गया है जिनमें से कुछ इस प्रकार हैं: अंगोला कम्बोडिया साइप्रस लोकतांत्रिक गणराज्य कांगो, अल साल्वाडोर, नामीबिया, लेबनान, लाइबेरिया, मोजाम्बिक, रवाण्डा, सोमालिया, श्रीलंका और वियतनाम| भारतीय सेना ने कोरिया में हुयी लड़ाई के दौरान घायलों और बीमारों को सुरक्षित लाने के लिये भी अपनी अर्द्ध-सैनिकों की इकाई प्रदान की थी।
 हैदराबाद का विलय (१९४८) 

भारत के विभाजन के उपरान्त राजसी राज्य हैदराबाद, जो कि निजा़म द्वारा शासित था, ने स्वतन्त्र राज्य के तौर रहना पसन्द किया। निजा़म ने हैदराबाद को भारत में मिलाने पर अपनी आपत्ति दर्ज करवाई। भारत सरकार और हैदराबाद के निज़ाम के बीच पैदा हुई अनिर्णायक स्थिति को समाप्त करने हेतु भारत के उप-प्रधानमन्त्री सरदार बल्लभ भाई पटेल द्वारा १२ सितम्बर १९४८ को भारतीय टुकड़ियों को हैदराबाद की सुरक्षा करने का आदेश दिया। ५ दिनों की गहन लड़ाई के बाद वायु सेना के समर्थन से भारतीय सेना ने हैदराबाद की सेना को परास्त कर दिया। उसी दिन हैदराबाद को भारत गणराज्य का भाग घोषित कर दिया गया। पोलो कार्यवाही के अगुआ मेजर जनरल जॉयन्तो नाथ चौधरी को कानून व्यवस्था स्थापित करने के लिये हैदराबाद का सैन्य शाशक (१९४८-१९४९) घोषित किया गया।
 गोवा, दमन और दीव का विलय (१९६१) 

ब्रिटिश और फ्रान्स द्वारा अपने सभी औपनिवेशिक अधिकारों को समाप्त करने के बाद भी भारतीय उपमहाद्वीप, गोवा, दमन और दीव में पुर्तगालियों का शासन रहा। पुर्तगालियों द्वारा बारबार बातचीत को अस्वीकार कर देने पर नई दिल्ली द्वारा १२ दिसम्बर १९६१ को ऑपरेशन विजय की घोषणा की और अपनी सेना के एक छोटे से दल को पुर्तगाली क्षेत्रों पर आक्रमण करने के आदेश दिए। २६ घंटे चले युद्ध के बाद गोवा और दमन और दीव को सुरक्षित आजाद करा लिया गया और उनको भारत का अंग घोषित कर दिया गया।
 भारत-चीन युद्ध (१९६२) 

1959 से भारत प्रगत नीति का पालन करना शुरु कर दिया। 'प्रगत नीति' के अंतर्गत भारतीय गश्त दलों ने चीन द्वारा भारतीय सीमा के काफी अन्दर तक हथियाई गई चौकियों पर हमला बोल कर उन्हें फिर कब्ज़े में लिया। भारत के मैक-महोन रेखा को ही अंतरराष्ट्रीय सीमा मान लिए जाने पर जोर डालने के कारण भारत और चीन की सेनाओं के बीच छोटे स्तर पर संघर्ष छिड़ गया। बहरहाल, भारत और चीन के बीच मैत्रीपूर्ण संबंधों के कारण विवाद ने अधिक तूल नहीं पकड़ा। युद्ध का कारण अक्साई चिन और अरुणाचल प्रदेश की क्षेत्रों की संप्रभुता को लेकर था। अक्साई चिन में, जिसे भारत द्वारा कश्मीर और चीन द्वारा झिंजियांग का हिस्सा का दावा किया जाता रहा है, एक महत्वपूर्ण सड़क लिंक है जोकि तिब्बत और चीनी क्षेत्रों झिंजियांग को जोड़ती है। चीन के तिब्बत में भारत की भागीदारी के संदेह के चलते दोनों देशों के बीच संघर्ष की संभावनाएं और बढ़ गई।
हैदराबाद व गोवा में अपने सैन्य अभियानों की सफलता से उत्साहित भारत ने चीन के साथ सीमा विवाद में आक्रामक रुख ले लिया। 1962 में, भारतीय सेना को भूटान और अरुणाचल प्रदेश के बीच की सीमा के निकट और विवादित मैकमहोन रेखा के लगभग स्थित 5 किमी उत्तर में स्थित थाग ला रिज तक आगे बढ़ने का आदेश दिया गया। इसी बीच चीनी सेनाएँ भी भारतीय क्षेत्र में घुसपैठ कर चुकी थीं और दोनो देशों के बीच तनाव चरम पर पहुँच गया जब भारतीय सेनाओं ने पाया कि चीन ने अक्साई चिन क्षेत्र में सड़क बना ली है। वार्ताओं की एक श्रृंखला के बाद, चीन की पीपुल्स लिबरेशन आर्मी ने थाग ला रिज पर भारतीय सेनाओं के ठिकानों पर हमला बोल दिया। चीन के इस कदम से भारत आश्चर्यचकित रह गया और 12 अक्टूबर को नेहरू ने अक्साई चिन से चीनियों को खदेड़ने के आदेश जारी कर दिए। किन्तु, भारतीय सेना के विभिन्न प्रभागों के बीच तालमेल की कमी और वायु सेना के प्रयोग के निर्णय में की गई देरी ने चीन को महत्वपूर्ण सामरिक व रणनीतिक बढ़त लेने का अवसर दे दिया। 20 अक्टूबर को चीनी सैनिकों नें दोनों मोर्चों उत्तर-पश्चिम और सीमा के उत्तर-पूर्वी भागों में भारत पर हमला किया और अक्साई चिन और अरुणाचल प्रदेश के विशाल भाग पर कब्जा कर लिया।
जब लड़ाई विवादित प्रदेशों से भी परे चली गई तो चीन ने भारत सरकार को बातचीत के लिए आमंत्रण दिया, लेकिन भारत अपने खोए क्षेत्र हासिल करने के लिए अड़ा रहा। कोई शांतिपूर्ण समझौता न होते देख, चीन ने एकतरफा युद्धविराम घोषित करते हुए अरुणाचल प्रदेश से अपनी सेना को वापस बुला लिया। वापसी के कारण विवादित भी हैं। भारत का दावा है कि चीन के लिए अग्रिम मोर्चे पर मौजूद सेनाओं को सहायता पहुँचाना संभव न रह गया था, तथा संयुक्त राज्य अमेरिका का राजनयिक समर्थन भी एक कारण था। जबकि चीन का दावा था कि यह क्षेत्र अब भी उसके कब्जे में है जिसपर उसने कूटनीतिक दावा किया था। भारतीय और चीनी सेनाओं के बीच विभाजन रेखा को वास्तविक नियंत्रण रेखा का नाम दिया गया।
भारत के सैन्य कमांडरों द्वारा लिए गए कमज़ोर फैसलों ने कई सवाल उठाए। जल्द ही भारत सरकार द्वारा भारतीय सेना के खराब प्रदर्शन के कारणों का निर्धारण करने के लिए  हेंडरसन ब्रूक्स समिति का गठन कर दिया गया। कथित तौर पर समिति की रिपोर्ट ने भारतीय सशस्त्र बलों की कमान की गलतियाँ निकाली और अपनी नाकामियों के लिए कई मोर्चों पर विफल रहने के लिए कार्यकारी सरकार की बुरी तरह आलोचना की। समिति ने पाया कि हार के लिए प्रमुख कारण लड़ाई शुरु होने के बाद भी भारत चीन के साथ सीमा पर कम सैनिकों की तैनाती था और यह भी कि भारतीय वायु सेना को चीनी परिवहन लाइनों को लक्ष्य बनाने के लिए चीन द्वारा भारतीय नागरिक क्षेत्रों पर जवाबी  हवाई हमले के डर से अनुमति नहीं दी गई। ज्यादातर दोष के तत्कालीन रक्षा मंत्री कृष्ण मेनन की अक्षमता पर भी दिया गया। रिपोर्ट को सार्वजनिक करने की लगातार माँग के बावजूद हेंडरसन - ब्रूक्स रिपोर्ट अभी भी गोपनीय रखी गई है।
 द्वितीय कश्मीर युद्ध (१९६५) 


पाकिस्तान के साथ एक दूसरे टकराव पर मोटे तौर पर 1965 में जगह ले ली कश्मीर. पाकिस्तानी राष्ट्रपति अयूब खान शुरूऑपरेशन जिब्राल्टर१,९६५ अगस्त में जिसके दौरान कई पाकिस्तानी अर्धसैनिक सैनिकों को भारतीय प्रशासित कश्मीर में घुसपैठ और भारत विरोधी विद्रोह चिंगारी की कोशिश की. पाकिस्तानी नेताओं का मानना ​​है कि भारत, जो अभी भी विनाशकारी युद्ध भारत - चीन से उबरने था एक सैन्य जोर और विद्रोह के साथ सौदा करने में असमर्थ होगा. हालांकि, आपरेशन एक प्रमुख विफलता के बाद से कश्मीरी लोगों को इस तरह के एक विद्रोह के लिए थोड़ा समर्थन दिखाया और भारत जल्दी बलों स्थानांतरित घुसपैठियों को बाहर निकालने. भारतीय जवाबी हमले के प्रक्षेपण के एक पखवाड़े के भीतर, घुसपैठियों के सबसे वापस पाकिस्तान के लिए पीछे हट गया था।
ऑपरेशन जिब्राल्टर की विफलता से पस्त है और सीमा पार भारतीय बलों द्वारा एक प्रमुख आक्रमण की उम्मीद है, पाकिस्तान [[ऑपरेशन ग्रैंड स्लैम] 1 सितंबर को शुरू, भारत Chamb - Jaurian क्षेत्र हमलावर. जवाबी कार्रवाई में, 6 सितंबर को पश्चिमी मोर्चे पर भारतीय सेना के 15 इन्फैन्ट्री डिवीजन अंतरराष्ट्रीय सीमा पार कर गया।
प्रारंभ में, भारतीय सेना के उत्तरी क्षेत्र में काफी सफलता के साथ मुलाकात की. पाकिस्तान के खिलाफ लंबे समय तक तोपखाने barrages शुरू करने के बाद, भारत कश्मीर में तीन महत्वपूर्ण पर्वत पदों पर कब्जा करने में सक्षम था। 9 सितंबर तक भारतीय सेना सड़कों में काफी पाकिस्तान में बनाया था। भारत पाकिस्तानी टैंकों की सबसे बड़ी दौड़ था जब पाकिस्तान के एक बख्तरबंद डिवीजन के आक्रामक [Asal उत्तर [लड़ाई]] पर सितंबर 10 वीं पा गया था। छह पाकिस्तानी आर्मड रेजिमेंट लड़ाई में भाग लिया, अर्थात् 19 (पैटन) लांसर्स, 12 कैवलरी (Chafee), 24 (पैटन) कैवलरी 4 कैवलरी (पैटन), 5 (पैटन) हार्स और 6 लांसर्स (पैटन). इन तीन अवर टैंक के साथ भारतीय आर्मड रेजिमेंट द्वारा विरोध किया गया, डेकन हार्स (शेरमेन), 3 (सेंचुरियन) कैवलरी और 8 कैवलरी (AMX). लड़ाई इतनी भयंकर और तीव्र है कि समय यह समाप्त हो गया था द्वारा, 4 भारतीय डिवीजन के बारे में या तो नष्ट में 97 पाकिस्तानी टैंक, या क्षतिग्रस्त, या अक्षुण्ण हालत में कब्जा कर लिया था। यह 72 पैटन टैंक और 25 Chafees और Shermans शामिल हैं। 28 Pattons सहित 97 टैंक, 32 शर्त में चल रहे थे। भारतीय खेम करण पर 32 टैंक खो दिया है। के बारे में मोटे तौर पर उनमें से पन्द्रह पाकिस्तानी सेना, ज्यादातर शेरमेन टैंक द्वारा कब्जा कर लिया गया। युद्ध के अंत तक, यह अनुमान लगाया गया था कि 100 से अधिक पाकिस्तानी टैंक को नष्ट कर दिया और गया एक अतिरिक्त 150 भारत द्वारा कब्जा कर लिया गया। भारतीय सेना ने संघर्ष के दौरान 128 टैंक खो दिया है। इनमें से 40 टैंक के बारे में, उनमें से ज्यादातर AMX-13s और Shermans पुराने Chamb और खेम ​​करण के पास लड़ाई के दौरान पाकिस्तानी हाथों में गिर गया।
23 सितंबर तक भारतीय सेना +३००० रणभूमि मौतों का सामना करना पड़ा, जबकि पाकिस्तान ३,८०० की तुलना में कम नहीं सामना करना पड़ा. सोवियत संघ दोनों देशों के बीच एक शांति समझौते की मध्यस्थता की थी और बाद में औपचारिक वार्ता में आयोजित किए गए ताशकंद, एक युद्धविराम पर घोषित किया गया था [23 सितंबर]]. भारतीय प्रधानमंत्री लाल बहादुर शास्त्री और अयूब खान लगभग सभी युद्ध पूर्व पदों को वापस लेने पर सहमत हुए. समझौते पर हस्ताक्षर करने के बाद घंटे, लाल बहादुर शास्त्री ताशकंद विभिन्न षड्यंत्र के सिद्धांत को हवा देने में रहस्यमय परिस्थितियों में मृत्यु हो गई। युद्ध पूर्व पदों के लिए वापस करने का निर्णय के कारण भारत के रूप में नई दिल्ली में राजनीति के बीच एक चिल्लाहट युद्ध के अंत में एक लाभप्रद स्थिति में स्पष्ट रूप से किया गया था। एक स्वतंत्र विश्लेषक के मुताबिक, युद्ध को जारी रखने के आगे नुकसान का नेतृत्व होता है और अंततः पाकिस्तान के लिए हार[16].
 बांग्लादेश मुक्ति युद्ध (१९७१) 

एक स्वतंत्रता आंदोलन में बाहर तोड़ दिया पूर्वी पाकिस्तान जो था  बेरहमी से कुचल दिया. पाकिस्तानी बलों द्वारा. कारण बड़े पैमाने पर  अत्याचारों उनके खिलाफ के हजारों [[बंगाली लोग | बंगालियों] पड़ोसी भारत में शरण ली, वहाँ एक प्रमुख शरणार्थी संकट के कारण. जल्दी 1971 में, भारत बंगाली विद्रोहियों के लिए पूर्ण समर्थन, मुक्ति वाहिनी के रूप में जाना जाता घोषित और भारतीय एजेंटों को बड़े पैमाने पर गुप्त आपरेशनों में शामिल थे उन्हें सहायता.

20 नवम्बर 1971 को भारतीय सेना 14 पंजाब बटालियन चले गए और 45 कैवलरी गरीबपुर, पूर्वी पाकिस्तान के साथ भारत की सीमा के पास एक रणनीतिक रूप से महत्वपूर्ण शहर है और में सफलतापूर्वक [[गरीबपुर की लड़ाई | कब्जा कर लिया]. अगले दिन और  संघर्ष] भारतीय और पाकिस्तानी सेनाओं के बीच जगह ले ली. भारत बंगाली विद्रोह में बढ़ती भागीदारी से सावधान पाकिस्तान वायु सेना (पीएएफ) का शुभारंभ किया [ऑपरेशन [Chengiz खान | हड़ताल अग्रकय] 3 दिसम्बर को भारतीय सेना पूर्वी पाकिस्तान के साथ अपनी सीमा के निकट पदों पर. हवाई आपरेशन, तथापि, इसकी कहा उद्देश्यों को पूरा करने में विफल रहा है और भारत पाकिस्तान के खिलाफ एक पूर्ण पैमाने पर युद्ध के कारण उसी दिन घोषित किया। आधी रात से, भारतीय सेना, भारतीय वायु सेना के साथ, पूर्वी पाकिस्तान में प्रमुख सैन्य जोर का शुभारंभ किया। भारतीय सेना की निर्णायक सहित पूर्वी मोर्चे पर कई लड़ाइयों जीता [Hilli [लड़ाई
पाकिस्तान के पश्चिमी मोर्चे पर भारत के खिलाफ जवाबी हमले का शुभारंभ किया। December 4, 1971 को, एक कंपनी के 23 बटालियन के पंजाब रेजिमेंट का पता चला और पाकिस्तान के पास सेना की 51 इन्फैंट्री डिवीजन के आंदोलन को रोक [[रामगढ़, राजस्थान]. [Longewala [लड़ाई]] के दौरान जो लागू एक कंपनी है, हालांकि outnumbered, वीरतापूर्वक लड़ी और पाकिस्तानी अग्रिम नाकाम जब तक भारतीय वायु सेना अपने सेनानियों को निर्देशित करने के लिए पाकिस्तानी टैंक संलग्न. समय लड़ाई समाप्त करके 34 पाकिस्तानी टैंक और 50 APCs या नष्ट हो गए थे परित्यक्त. के बारे में 200 पाकिस्तानी सैनिकों को लड़ाई के दौरान कार्रवाई में मारे गए थे जबकि केवल 2 भारतीय सैनिकों को उनके जीवन खो दिया है। 4 दिसम्बर से 16 तक भारतीय सेना लड़ी और अंत जिसमें से 66 पाकिस्तानी टैंक को नष्ट कर रहे थे और 40 से कब्जा कर लिया गया [] [लड़ाई के Basantar] जीता. बदले में पाकिस्तानी बलों के लिए केवल 11 भारतीय टैंकों को नष्ट करने में सक्षम थे। 16 दिसम्बर तक पाकिस्तान के पूर्वी और पश्चिमी दोनों मोर्चों पर बड़े आकार का क्षेत्र खो दिया था।
लेफ्टिनेंट | जगजीत सिंह अरोड़ा के आदेश के तहत जनरल जे एस अरोड़ा, भारतीय सेना के तीन कोर में प्रवेश किया जो पूर्वी पाकिस्तान पर आक्रमण किया था ढाका और पाकिस्तानी सेना ने 16 दिसम्बर 1971 को आत्मसमर्पण करने के लिए मजबूर किया। पाकिस्तान के लेफ्टिनेंट जनरल के बाद  AAK नियाज़ी समर्पण के साधन पर हस्ताक्षर किए, भारत में 90,000 से अधिक पाकिस्तानी [[] युद्ध के कैदियों (+३८,००० सशस्त्र बलों के कर्मियों और 52,000 मिलिशिया पश्चिम पाकिस्तानी मूल के और नौकरशाहों) ले लिया।
1972 में, [[शिमला समझौते] दोनों देशों के तनाव और simmered के बीच हस्ताक्षर किए गए थे। हालांकि, वहाँ कूटनीतिक तनाव है जो दोनों पक्षों पर वृद्धि हुई सैन्य सतर्कता में समापन में कभी कभी spurts थे।

 सियाचिन विवाद (1984-) 


सियाचिन ग्लेशियर, हालांकि कश्मीर क्षेत्र के एक हिस्सा है, आधिकारिक तौर पर सीमांकन नहीं है। एक परिणाम के रूप में, पहले 1980 के दशक के लिए, न तो भारत और न ही पाकिस्तान इस क्षेत्र में स्थायी सैन्य उपस्थिति को बनाए रखा. हालांकि, पाकिस्तान पर्वतारोहण अभियानों के 1950 के दशक के दौरान ग्लेशियर श्रृंखला की मेजबानी शुरू कर दिया. 1980 के दशक तक पाकिस्तान की सरकार पर्वतारोहियों के लिए विशेष अभियान परमिट देने गया था और संयुक्त राज्य अमेरिका सेना नक्शे जानबूझकर पाकिस्तान के एक भाग के रूप में सियाचिन से पता चला है। इस अभ्यास कार्यकाल के समकालीन अर्थoropolitics . को जन्म दिया
एक irked भारत का शुभारंभ किया ऑपरेशन मेघदूत अप्रैल 1984 के दौरान जो पूरे कुमाऊं रेजिमेंट भारतीय सेना की ग्लेशियर पहुंचा था। पाकिस्तानी सेना ने जल्दी से जवाब दिया और दोनों के बीच संघर्ष का पालन किया। भारतीय सेना सामरिक सिया ला और Bilafond ला पहाड़ गुजरता है और 1985 के द्वारा, क्षेत्र के 1000 वर्ग मील से अधिक, पाकिस्तान ने दावा किया, भारतीय नियंत्रण के अधीन था।[17] भारतीय सेना के लिए और अधिक नियंत्रण से ग्लेशियर के 2/3rd जारी है।[18] पाकिस्तान siachen.htm सियाचिन पर नियंत्रण पाने के कई असफल प्रयास किया। देर से 1987 में, पाकिस्तान के बारे में 8,000 सैनिकों जुटाए और उन्हें Khapalu निकट garrisoned, हालांकि Bilafond La. कब्जा करने के लिए लक्ष्य है, वे भारतीय सेना कर्मियों Bilafond रखवाली उलझाने के बाद वापस फेंक दिया गया। पाकिस्तान द्वारा 1990, 1995, 1996 और 1999 में पदों को पुनः प्राप्त करने के लिए आगे प्रयास शुरू किया गया।
भारत के लिए अत्यंत दुर्गम परिस्थितियों और नियमित रूप से पहाड़ युद्ध.[19] सियाचिन से अधिक नियंत्रण बनाए रखने भारतीय सेना के लिए कई सैन्य चुनौतियों poses. कई बुनियादी ढांचा परियोजनाओं के क्षेत्र में निर्माण किया गया, समुद्र के स्तर से ऊपर एक हेलिपैड 21,000 फीट (+६४०० मीटर) सहित[20] 2004 में भारतीय सेना के एक अनुमान के अनुसार 2 लाख अमरीकी डॉलर एक दिन खर्च करने के लिए अपने क्षेत्र में तैनात कर्मियों का समर्थन. [21]

 उपद्रव-रोधी गतिविधियाँ 
भारतीय सेना अतीत में एक महत्वपूर्ण भूमिका निभाई है, लड़ाई विद्रोही और  आतंकवादियों राष्ट्र के भीतर. सेना ऑपरेशन ब्लूस्टार और [ऑपरेशन [Woodrose]] [[सिख] विद्रोहियों का मुकाबला करने के लिए 1980 के दशक में. शुभारंभ सेना के साथ अर्द्धसैनिक बलों भारत के कुछ अर्धसैनिक बलों, बनाए रखने के प्रधानमंत्री जिम्मेदारी है [[कानून और व्यवस्था (राजनीति) | कानून और व्यवस्था] परेशान जम्मू कश्मीर क्षेत्र में. भारतीय सेना श्रीलंका 1987 में के एक भाग के रूप में भी एक दल भेजा है भारतीय शांति सेना.
 कारगिल संघर्ष (1999) 

और कुछ दिनों के बाद, पाकिस्तान और अधिक द्वारा प्रतिक्रिया  परमाणु परीक्षणों देने के दोनों देशों के परमाणु प्रतिरोध क्षमता | 1998 में, भारत [परमाणु परीक्षण] [पोखरण द्वितीय] किया जाता है कूटनीतिक तनाव के बाद ढील लाहौर शिखर सम्मेलन 1999 में आयोजित किया गया था। आशावाद की भावना कम रहता था, तथापि, के बाद से मध्य 1999-पाकिस्तानी अर्धसैनिक बलों में और कश्मीरी आतंकवादियों पर कब्जा कर लिया वीरान है, लेकिन सामरिक, कारगिल जिले भारत के हिमालय हाइट्स. इन दुर्गम सर्दियों की शुरुआत के दौरान किया गया था भारतीय सेना द्वारा खाली थे और वसंत में reoccupied चाहिए. मुजाहिदीनजो इन क्षेत्रों का नियंत्रण ले लिया महत्वपूर्ण समर्थन प्राप्त है, दोनों हाथ और आपूर्ति के रूप में पाकिस्तान से. उनके नियंत्रण है, जो भी<i data-parsoid='{""dsr"":[27177,27190,2,2]}'>टाइगर हिल</i>के तहत हाइट्स के कुछ महत्वपूर्ण श्रीनगर -[[ लेह] राजमार्ग (एनएच 1A), बटालिक और Dras की अनदेखी .

एक बार पाकिस्तानी आक्रमण के पैमाने का एहसास था, भारतीय सेना जल्दी 200.000 के बारे में सैनिकों जुटाए और  ऑपरेशन विजय शुरू किया गया था। हालांकि, बाद से ऊंचाइयों पाकिस्तान के नियंत्रण के अधीन थे, भारत एक स्पष्ट रणनीतिक नुकसान में था। राष्ट्रीय राजमार्ग 1 ए पर भारतीयों पर भारी हताहत inflicting &lt;रेफरी नाम = ""NLI"" | अपने प्रेक्षण चौकी से पाकिस्तानी बलों की दृष्टि से एक स्पष्ट रेखा अप्रत्यक्ष तोपखाने आग [] [अप्रत्यक्ष आग] नीचे रखना पड़ा &gt;  5 मई [[+२,००३] डेली टाइम्स, पाकिस्तान &lt;/ रेफरी&gt; यह भारतीय सेना के लिए एक गंभीर समस्या है के रूप में राजमार्ग अपने मुख्य सैन्य और आपूर्ति मार्ग था इ शार्प, 2003 द्वारा प्रकाशित रॉबर्ट Wirsing करके युद्ध की छाया में[22] इस प्रकार, भारतीय सेना की पहली प्राथमिकता चोटियों कि NH1a के तत्काल आसपास के क्षेत्र में थे हटा देना था। यह भारतीय सैनिकों में पहली बार टाइगर हिल और Dras में Tololing जटिल लक्ष्यीकरण परिणामस्वरूप[23] यह जल्द ही अधिक हमलों से पीछा किया गया था। बटालिक Turtok उप - क्षेत्र है जो सियाचिन ग्लेशियर तक पहुँच प्रदान पर. 4590 प्वाइंट है, जो NH1a के निकटतम दृश्य था सफलतापूर्वक पर 14 जून को भारतीय बलों द्वारा पुनः कब्जा दक्षिण एशिया में युद्ध के नेब्रास्का प्रेस प्रदीप बरुआ 261 &lt;/ ref&gt;[24][25] सरकारी गिनती के अनुसार, एक अनुमान के अनुसार 75% -80% और घुसपैठ क्षेत्र के लगभग सभी उच्च भूमि भारतीय नियंत्रण के तहत वापस आ गया था।
भारत पर, समाचार जिनमें से चिंतित  अमेरिकी | के रूप में पाकिस्तान पाया खुद एक कांटेदार स्थिति में entwined सेना छिपकर [] परमाणु हमले [परमाणु युद्ध] की योजना बनाई थी राष्ट्रपति बिल क्लिंटन, एक कड़ी चेतावनी में नवाज शरीफ के परिणामस्वरूप[26] वाशिंगटन पर समझौते के बाद 4 जुलाई, जहां शरीफ पाकिस्तानी सैनिकों को वापस लेने पर सहमत हुए, लड़ने के सबसे एक क्रमिक रोकने के लिए आया था, लेकिन कुछ पाकिस्तानी सेना ने भारतीय पक्ष पर स्थिति में बने रहे नियंत्रण रेखा. इसके अलावा, यूनाइटेड जिहाद काउंसिल (सभी [अतिवादी []] समूहों के लिए एक छाता) एक चढ़ाई नीचे के लिए पाकिस्तान की योजना को अस्वीकार कर दिया है, बजाय पर लड़ने के निर्णय लेने.[27] जुलाई के आखिरी हफ्ते में भारतीय सेना अपनी अंतिम हमलों का शुभारंभ किया, के रूप में जल्द ही के रूप में द्रास Subsector पाकिस्तान की मंजूरी दे दी थी बलों से लड़ने पर रह गए 26 जुलाई. दिन के बाद से<i data-parsoid='{""dsr"":[31515,31530,2,2]}'>कारगिल विजय</i>भारत में (कारगिल विजय दिवस) दिवस के रूप में चिह्नित किया गया है है। युद्ध के अंत तक भारत सभी क्षेत्र दक्षिण और नियंत्रण रेखा के पूर्व का नियंत्रण फिर से शुरू किया था, के रूप में जुलाई 1972 में शिमला समझौते के अनुसार स्थापित किया गया था।
 प्रमुख युद्धाभ्यास 
[[चित्र:. IAexercise.jpg | अंगूठे | भारतीय सेना [[टी 90] टैंक थार रेगिस्तान में एक अभ्यास के दौरान भाग लेने के]]
 ऑपरेशन पराक्रम 
{{मुख्य | 2001-2002 भारत - पाकिस्तान} गतिरोध}
के बाद 13 दिसंबर [2001]]] [[भारतीय संसद] ऑपरेशन पराक्रम में जो भारतीय सैनिकों की हजारों की दसियों भारत - पाकिस्तान सीमा पर तैनात किया गया था शुरू किया गया था पर हमले. भारत हमले समर्थन के लिए पाकिस्तान को दोषी ठहराया. सबसे बड़ा सैन्य किसी एशियाई देश से बाहर किए गए व्यायाम आपरेशन किया गया था। इसका मुख्य उद्देश्य अभी स्पष्ट नहीं है है लेकिन परमाणु संघर्ष पाकिस्तान, जो भारतीय संसद पर दिसंबर हमले के बाद तेजी से संभव लग रहा था के साथ किसी भी भविष्य के लिए सेना को तैयार करने के लिए किया गया है प्रकट होता है।
 ऑपरेशन संघ शक्ति 
इसके बाद से कहा है कि इस अभ्यास का मुख्य लक्ष्य अम्बाला [[]] आधारित<i data-parsoid='{""dsr"":[32589,32609,2,2]}'>द्वितीय स्ट्राइक</i>कोर जुटाना रणनीति को मान्य किया गया था। एयर समर्थन इस अभ्यास का एक हिस्सा था और हवाई छतरी सेना की एक पूरी बटालियन के युद्ध खेल के संचालन के दौरान paradropped संबद्ध उपकरणों के साथ. कुछ २०००० सैनिक अभ्यास में भाग लिया।
 अश्वमेध युद्धाभ्यास 
भारतीय सेना व्यायाम अश्वमेध में अपने नेटवर्क केंद्रित युद्ध क्षमताओं का परीक्षण किया। व्यायाम थार रेगिस्तान में आयोजित किया गया, जिसमें 30,000 से अधिक सैनिकों ने भाग लिया[28] पुष्ट
 अन्य सैन्य व्यूह (Other Field Formations) 


 पैदल सेना रेजिमेंट (Infantry Regiments) 



 तोपखाना रेजिमेंट (Artillery Regiments) 
तोपखाना सेना के विध्वंसक शक्ति का मुख्य अंग है | भारत में प्राचीन ग्रंथों में तोपखाने का वर्णन मिलता है | तोप को संस्कृत में शतघ्नी कहा जाता है | मध्य कालीन इतिहास में तोप का प्रयोग सर्वप्रथम बाबर ने पानीपत के प्रथम युद्ध में सन १५२६ ई० में किया था| कुछ नवीन प्रमाणों से यहाँ प्रतीत होता है के तोप का प्रयोग बहमनी राजाओं ने १३६८ में अदोनी के युद्ध में तथा गुजरात के शासक मोहमद शाह ने १५ वीं शताब्दी में किया था |भरत मे तोप खाना के दोउ केन्द्र है ह्य्द्रबद और नसिक रोअद
 थलसेना का कार्यबल 
 क्षमता 






























 भारतीय थल सेना सम्बंधित आंकड़े  कार्यरत सैनिक 1,300,000  आरक्षित सैनिक 1,200,000 प्रादेशिक सेना 200,000** मुख्य युद्धक टैंक4500  तोपखाना  12,800  प्रक्षेपास्त्र 100 (अग्नि-1, अग्नि-2) क्रूज प्रक्षेपास्त्र ब्रह्मोस वायुयान 10 स्क्वाड्रन हेलिकॉप्टर सतह से वायु प्रक्षेपास्त्र 90000
* 300,000 प्रथम पंक्ति ओर 500,000 द्वितीय पंक्ति के योद्धा सम्मिलित हैं 
** 40,000 प्रथम पंक्ति ओर 160,000 द्वितीय पंक्ति के योद्धा सम्मिलित हैं


 पदानुक्रम संरचना 


भारतीय सेना के विभिन्न पद अवरोही क्रम में इस प्रकार हैं:
कमीशन प्राप्त अधिकारी
 फ़ील्ड मार्शल1
 जनरल (यह थलसेना अध्यक्ष का पद है)
 लेफ्टिनेंट-जनरल
 मेजर-जनरल
 ब्रिगेडियर 
 कर्नल
 लेफ्टिनेंट-कर्नल
 मेजर
 कैप्टन
 लेफ्टिनेंट
 सेकंड लेफ्टिनेंट2
कनिष्ठ कमीशन प्राप्त अधिकारी (JCOs)
 सूबेदार मेजर /मानद कप्तान3
 सूबेदार /मानद लेफ्टिनेंट3 
 सूबेदार मेजर
 सूबेदार
 नायब सूबेदार
गैर कमीशन प्राप्त अधिकारी (NCOs)
 रेजीमेंट हवलदार मेजर2
 रेजीमेंट क्वार्टरमास्टर हवलदार मेजर2
 कंपनी हवलदार मेजर
 कंपनी क्वार्टरमास्टर हवलदार मेजर
 हवलदार
 नायक
 लांसनायक
 सिपाही
नोट:

•1। आज तक केवल दो ही जनरल फील्ड मार्शल के पद से विभूषित हुए हैं। -: फील्ड मार्शल के एम करिअप्पा– भारतीय सेना के प्रथम कमाण्डर इन चीफ (यह पद अब समाप्त कर दिया गया है) – तथा फील्ड मार्शल सैम मानेकशा, १९७१ युद्ध के दौरान सेनाध्यक्ष

•2. This has now been discontinued. Non-Commissioned Officers in the rank of Havildar are elible for Honorary JCO ranks.
 
•3. Given to Outstanding JCO's Rank and pay of a Lieutenant, role continues to be of a JCO.

 युद्ध सिद्धान्त 

 उपस्कर एवं उपकरण 



 विमान 




! style=""text-align: left; background: #aacccc;""|विमान
! style=""text-align: left; background: #aacccc;""|उद्गम
! style=""text-align: left; background: #aacccc;""|प्रकार
! style=""text-align: left; background: #aacccc;""|संस्करण
! style=""text-align: left; background: #aacccc;""|सेवारत [29]
! style=""text-align: left; background: #aacccc;""|टिप्पणी
|-----
| HAL Dhruv || India || utility helicopter || || 36+ || To acquire 73 more Dhruv in next 5 years.
|-----
| Aérospatiale SA 316 Alouette III || France || utility helicopter || SA 316B Chetak || 60 || to be replaced by Dhruv
|-----
| Aérospatiale SA 315 Lama || France || utility helicopter || SA 315B Cheetah || 48 || to be replaced by Dhruv
|-----
| DRDO Nishant || India || reconnaissance UAV || || 1 || Delivery of 12 UAV's in 2008.
|-----
| IAI Searcher II || Israel || reconnaissance UAV || || 100+ || 
|-----
| IAI Heron II || Israel || reconnaissance UAV || || 50+ || 
|}

[30]

 परम वीर चक्र विजेता 
भारत का सर्वोच्च वीरता पुरस्कार परमवीर चक्र प्राप्त करने वाले वीरों की सूची इस प्रकार है:

 भारतीय थलसेना की संरचना 
भारतीय थलसेना को 13 कोर के अंतर्गत 35 प्रभागों में संगठित किया गया है। सेना का मुख्यालय, भारतीय राजधानी नई दिल्ली में स्थित है, और यह सेना प्रमुख (चीफ ऑफ़ दी आर्मी स्टाफ) के निरिक्षण में रहती हैं। वर्तमान में जनरल बिपिन रावत सेना प्रमुख हैं।
कमान संरचना
सेना की 6 क्रियाशील कमान(कमांड) और 1 प्रशिक्षण कमांड है। प्रत्येक कमान का नेतृत्व जनरल ऑफिसर कमांडिंग इन चीफ होता है जोकि एक लेफ्टिनेंट जनरल रैंक का अधिकारी होता हैं। प्रत्येक कमांड, नई दिल्ली में स्थित सेना मुख्यालय से सीधे जुड़ा हुआ है। इन कमानो को नीचे उनके सही क्रम में दर्शाया गया हैं, 

लड़ाकू दल 


नीचे दिए गए कोर, विशिष्ट पैन-आर्मी कार्यों हेतु एक कार्यात्मक प्रभाग हैं। भारतीय प्रादेशिक सेना विभिन्न इन्फैंट्री रेजिमेंटों से संबद्ध बटालियन हैं, जिनमे कुछ विभागीय इकाइयां,  कॉर्प्स ऑफ इंजीनियर्स, आर्मी मेडिकल कोर या आर्मी सर्विस कोर से हैं। ये अंशकालिक आरक्षित के रूप में सेवा करते हैं।

 पैदल सेना (इन्फैंट्री)

अपनी स्थापना के समय, भारतीय सेना को ब्रिटिश सेना की संगठनात्मक संरचना विरासत में मिली, जो आज भी कायम है। इसलिए, अपने पूर्ववर्ती की तरह, एक भारतीय इन्फैंट्री रेजिमेंट की ज़िम्मेदारी न सिर्फ फ़ील्ड ऑपरेशन की है बल्कि युद्ध मैदान और बटालियन में अच्छी तरह से प्रशिक्षित सैनिक प्रदान करना भी हैं, जैसे कि एक ही रेजिमेंट के बटालियन का कई दल, प्रभागों, कोर, कमान और यहां तक ​​कि थिएटरों में होना आम बात है। अपने ब्रिटिश और राष्ट्रमंडल समकक्षों की तरह, सैनिक अपने आवंटित रेजिमेंट के प्रति बेहद वफादार और बहुत गर्व करते हैं, जहाँ सामान्यतः उनका पूरा कार्यकाल बीतता हैं।
भारतीय सेना के इन्फैंट्री रेजिमेंट्स में नियुक्ति, विशिष्ट चयन मानदंडों के आधार पर होती हैं, जैसे कि क्षेत्रीय, जातीयता, या धर्म पर; असम रेजिमेंट, जाट रेजिमेंट, और सिख रेजिमेंट क्रमशः।  अधिकतर रेजिमेंट तो ब्रटिश राज के समय के ही हैं, लेकिन लद्दाख स्काउट, अरुणाचल स्काउट्स, और सिक्किम स्काउट्स, सीमा सुरक्षा विशेष दल, स्वतंत्रता के बाद बनाये गए हैं। 




वर्षों से विभिन्न राजनीतिक और सैन्य गुटों ने रेजिमेंटों की इस अनूठी चयन मानदंड प्रक्रिया को भंग करने की कोशिश करते रहे है उनका मानना था की कि सैनिक का अपने रेजिमेंट के प्रति वफादारी या उसमे उसके ही जातीय के लोगों के प्रति निष्ठा, भारत के प्रति निष्ठा से ऊपर न हो जाये। और उन्होंने कुछ गैर नस्लीय, धर्म, क्षेत्रीय रेजिमेंट, जैसे कि ब्रिगेड ऑफ गॉर्ड्स और पैराशूट रेजिमेंट, बनाने में सफल भी रहे, लेकिन पहले से बने रेजिमेंट्स में इस प्रकार के प्रयोग का कम ही समर्थन देखने को मिला हैं।
भारतीय सेना के रेजिमेंट, अपनी वरिष्ठता के क्रम में:[48]

तोपख़ाना (आर्टिलरी)

तोपखाना रेजिमेंट (आर्टिलरी रेजिमेंट) भारतीय सेना का दूसरा सबसे बड़ा हाथ है, जोकि सेना की कुल ताकत का लगभग छठवाँ भाग हैं। मूल रूप से यह 1935 में ब्रिटिश भारतीय सेना में रॉयल भारतीय तोपखाने के नाम से शामिल हुआ था। और अब इस रेजिमेंट को, सेना को स्व-प्रचालित आर्टिलरी फील्ड प्रदान करने का काम सौंपा गया है, जिसमे बंदूकें, तोप, भारी मोर्टार, रॉकेट और मिसाइल आदि भी सम्मलित हैं। 
भारतीय सेना द्वारा संचालित लगभग सभी लड़ाकू अभियानों में, तोपखाना रेजिमेंट एक अभिन्न अंग के रूप में, भारतीय सेना की सफलता में एक प्रमुख योगदानकर्ता रहा है। कारगिल युद्ध के दौरान, वह भारतीय तोपखाना ही था, जिसने दुश्मन को सबसे ज्यादा नुकसान पहुँचाया था।[50] पिछले कुछ वर्षों में, पांच तोपखाना अधिकारी भारतीय सेना की सर्वोच्च पद, सेना प्रमुख के रूप में रह चुके हैं।
कुछ समय के लिए, आज की तुलना में तोपखाना रेजिमेंट सेना के कर्मियों के काफी बड़े हिस्से की कमान संभालता था, जिनमें हवाई रक्षा तोपखाना और कुछ विमानन संपत्तियों का रख-रखाव भी सम्मलित थे। फिर 1990 के दशक में सेना के वायु रक्षा कोर के गठन किया गया और विमानन संपत्तियों को सेना के विमानन कॉर्प्स को हस्तान्तरित कर दिया गया। अब यह रेजिमेंट अपना ध्यान फील्ड आर्टिलरी पर केंद्रित करता है, और प्रत्येक परिचालन कमानो के लिए रेजिमेंट और बैटरी की आपूर्ति करता है। इस रेजिमेंट का मुख्यालय नाशिक, महाराष्ट्र में है, इसके साथ यहाँ एक संग्रहालय भी स्थित है। भारतीय सेना का तोपखाना स्कूल देवलाली में स्थित है।
तीन दशकों से आधुनिक तोपखाने के आयात या उत्पादन में निरंतर विफलताओं के बाद[51][52], अंततः तोपखाना रेजिमेंट 130 मिमी और 150 मिमी तोपो की अधिप्राप्ति कर ली है।[53][54][55] सेना बड़ी संख्या में रॉकेट लांचरों को भी सेवा में ला रहा है, अगले दशक के अंत तक 22 रेजिमेंट को स्वदेशी-विकसित पिनाका मल्टी बैरल रॉकेट लॉन्चर से सशत्र किया जायेगा।[56]
बख़्तरबंद (आर्मर) 
पैरा (विशेष बल)
 (आदेश) कमान 
सेना के सामरिक 6 आदेशों चल रही है। प्रत्येक आदेश [[लेफ्टिनेंट जनरल] रैंक के साथ जनरल कमांडिंग इन चीफ अधिकारी की अध्यक्षता में है। प्रत्येक आदेश सीधे में सेना मुख्यालय से संबद्ध है [[नई दिल्ली]. इन आदेशों नीचे उनके सही क्रम को ऊपर उठाने के स्थान (शहर) और उनके कमांडरों में दिया जाता है। उनकी भी एक प्रशिक्षण ARTRAC के रूप में जाना जाता है आदेश है।

 (कोर) कॉर्प 
 व्यूह - रचना (फील्ड गठन) 
वाहिनी सेना के एक क्षेत्र में एक कमान के भीतर एक क्षेत्र के लिए जिम्मेदार गठन है। स्ट्राइक होल्डिंग और मिश्रित: वहाँ भारतीय सेना वाहिनी के 3 प्रकार के होते हैं। कमान आम तौर पर 2 या अधिक कोर के होते हैं। अपने आदेश के तहत एक कोर सेना प्रभागों है। कोर मुख्यालय सेना में उच्चतम क्षेत्र गठन है।
9 वाहिनी || |  योल, हिमाचल प्रदेश || पश्चिमी कमान || लेफ्टिनेंट जनरल पीके रामपाल || 26 इन्फैंट्री डिवीजन ([[जम्मू छावनी | जम्मू]) 29,  इन्फैंट्री डिवीजन(पठानकोट), 2,3,16 इंडस्ट्रीज़ ARMD Bdes10 कोर || | भटिंडा, पंजाब || पश्चिमी कमान || लेफ्टिनेंट जनरल || 16 इन्फैंट्री डिवीजन (श्री गंगानगर), 18 त्वरित ( कोटा), 24 त्वरित (बीकानेर), 6 इंडस्ट्रीज़ ARMD BDEकोर 12 || | जोधपुर, राजस्थान || दक्षिण पश्चिमी कमान || || 4 ARMD BDE, 340 Mech BDE, 11 इन्फैंट्री डिवीजन (अहमदाबाद), 12 Inf (प्रभाग  जोधपुर)16 वाहिनी || | नगरोटा, जम्मू एवं कश्मीर || उत्तरी कमान || लेफ्टिनेंट जनरल आर Karwal || 10 Inf (डिव अखनूर ),&lt; रेफरी&gt; इन्हें भी देखें  site/cimh/divisions/10th%% 20Division 20orbat% 20Chaamb 201971.html% &lt;/ ref&gt; 25 Inf डिव (Rajauri), 39 Inf डिव ( योल), तोपखाना ब्रिगेड, बख़्तरबंद ब्रिगेड?


 रेजिमेंट संगठन 
(फील्ड कोर ऊपर उल्लेख किया है के साथ भ्रमित होने की नहीं) इस के अलावा रेजिमेंट या कोर या विभागों भारतीय सेना के हैं। कोर नीचे उल्लेख किया कार्यात्मक विशिष्ट अखिल सेना कार्यों के साथ सौंपा डिवीजनों हैं।
शैली = ""फ़ॉन्ट - आकार: 100%;"" | |शस्त्र भारतीय इन्फैन्ट्री रेजिमेंट
 आर्मड रेजिमेंट कोर - बख्तरबंद कोर स्कूल और सेंटर [अहमदनगर []]
 आर्टिलरी रेजिमेंट - आर्टिलरी स्कूल में देवलाली के निकट नासिक.
 [[भारतीय सेना के कोर इंजीनियर्स | कोर ऑफ इंजीनियर्स] - दपोदी पर सैन्य अभियांत्रिकी कालेज, पुणे. केंद्र इस प्रकार है - मद्रास इंजीनियर ग्रुप बंगलौर, बंगाल इंजीनियर ग्रुप रुड़की और बॉम्बे इंजीनियर ग्रुप Khadki में, पुणे के रूप में स्थित हैं .
 आर्मी एयर डिफेंस सेंटर कोर गोपालपुर उड़ीसा राज्य.
 मैकेनाइज्ड इंफेंट्री अहमदनगर - पर रेजिमेंटल केंद्र [[]].
 सिग्नल कोर
 सेना उड्डयन कोरसेवा' आर्मी डेंटल कोर
 सेना शिक्षा कोर - सेंटर में पचमढ़ी.
 आर्मी मेडिकल कोर - सेंटर में [[लखनऊ].
 सेना आयुध कोर में केंद्र जबलपुर और सिकंदराबाद.
 सेना डाक सेवा कोर
 सेना सेवा कोर - बंगलौर पर केंद्र
 वाहिनी इलेक्ट्रिकल और भोपाल में मैकेनिकल इंजीनियर्स के केंद्र और सिकंदराबाद.
 वाहिनी सैन्य पुलिस के  - बंगलौर में केंद्र
 इंटेलीजेंस कोर - सेंटर में पुणे.
 जज एडवोकेट जनरल विभाग. सैन्य विधि संस्थान में कैम्पटी , नागपुर.
 सैन्य फार्म सेवा
  मिलिट्री नर्सिंग सर्विस
 रिमाउंट और वेटेनरी कोर
 पायनियर कोर

 अन्य व्यूह सैन्य (अन्य फील्ड संरचनाओं) 

 *  प्रभाग: सेना डिवीजन एक कोर और एक ब्रिगेड के बीच एक मध्यवर्ती है। यह सबसे बड़ी सेना में हड़ताली बल है। प्रत्येक प्रभाग [जनरल आफिसर कमांडिंग (जीओसी) द्वारा [[मेजर जनरल] रैंक में होता है। यह आमतौर पर +१५,००० मुकाबला सैनिकों और 8000 का समर्थन तत्वों के होते हैं। वर्तमान में, भारतीय सेना 4 रैपिड (पुनः संगठित सेना Plains इन्फैंट्री प्रभागों) सहित 34 प्रभागों लड़ाई प्रभागों, 18 इन्फैन्ट्री प्रभागों, 10 माउंटेन प्रभागों, 3 आर्मड प्रभागों और 2 आर्टिलरी प्रभागों. प्रत्येक डिवीजन के कई composes ब्रिगेड्स.
 * ब्रिगेड: ब्रिगेड डिवीजन की तुलना में छोटे है और आम तौर पर विभिन्न लड़ाकू समर्थन और आर्म्स और सेवाएँ के तत्वों के साथ साथ 3 इन्फैन्ट्री बटालियन के होते हैं। यह की अध्यक्षता में है एक ब्रिगेडियर के बराबर ब्रिगेडियर जनरल भारतीय सेना भी 5 स्वतंत्र बख्तरबंद ब्रिगेड, 15 स्वतंत्र आर्टिलरी ब्रिगेड, 7 स्वतंत्र इन्फैंट्री ब्रिगेड, 1 स्वतंत्र पैराशूट ब्रिगेड, 3 स्वतंत्र वायु रक्षा ब्रिगेड, 2 स्वतंत्र वायु रक्षा समूह और 4 स्वतंत्र अभियंता ब्रिगेड है। ये स्वतंत्र ब्रिगेड कोर कमांडर (जीओसी कोर) के तहत सीधे काम.
 * बटालियन: एक बटालियन की कमान में है एक कर्नल और इन्फैंट्री के मुख्य लड़ इकाई है। यह 900 से अधिक कर्मियों की होते हैं।
 *  कंपनी] के नेतृत्व: मेजर, एक कंपनी के 120 सैनिकों को शामिल.
* प्लाटून: एक कंपनी और धारा के बीच एक मध्यवर्ती, एक प्लाटून लेफ्टिनेंट या कमीशंड अधिकारियों की उपलब्धता पर निर्भर करता है, एक जूनियर कमीशंड अधिकारी [रैंक के साथ, [जूनियर कमीशन अफसर की अध्यक्षता में | सूबेदार  या  नायब सूबेदार. यह बारे में 32 सैनिकों की कुल संख्या है।
 *  धारा: सबसे छोटा 10 कर्मियों के एक शक्ति के साथ सैन्य संगठन. रैंक के एक गैर कमीशन अधिकारी द्वारा कमान संभाली हवलदार या [सार्जेंट []].
 रेजिमेंट 

 पैदल सेना रेजिमेंट (इन्फैन्ट्री रेजिमेंट) वहाँ कई बटालियनों या इकाइयों के एक रेजिमेंट में वही गठन के अंतर्गत हैं। गोरखा रेजिमेंट, उदाहरण के लिए, कई बटालियनों है। एक रेजिमेंट के तहत सभी संरचनाओं के एक ही हथियार या कोर (यानी, इन्फैंट्री या इंजीनियर्स) की बटालियनों हैं। रेजिमेंट बिल्कुल क्षेत्र संरचनाओं नहीं कर रहे हैं, वे ज्यादातर एक गठन नहीं कर सकता हूँ. गोरखा उदाहरण के लिए सभी रेजिमेंट के एक साथ एक गठन के रूप में लड़ना नहीं है, लेकिन विभिन्न ब्रिगेड या कोर या भी आदेश पर फैलाया जा सकता है है।
 तोपखाना रेजिमेंट (आर्टिलरी रेजिमेंट) तोपखाना सेना के विध्वंसक शक्ति का मुख्य अंग है | भारत सभी प्राचीन ग्रंथों सभी तोपखाने का वर्णन मिलता है | तोप को संस्कृत सभी शतघ्नी कहा जाता है | मध्य कालीन इतिहास सभी तोप का प्रयोग सर्वप्रथम बाबर ने पानीपत के प्रथम युद्ध सभी 1526 सन 0 ई सभी किया था | कुछ नवीन प्रमाणों से यहाँ प्रतीत होता है के तोप का प्रयोग बहमनी राजाओं 1368 ने सभी अदोनी के युद्ध सभी तथा गुजरात के शासक मोहमद शाह ने 15 वीं शताब्दी सभी किया था | भरत मे तोप खाना के दोउ है केन्द्र ह्य्द्रबद और नसिक रोअद थलसेना का कार्यबल  क्षमता 





















भारतीय थल सेना सम्बंधित आंकड़े -  कार्यरत सैनिक
१३,००,००० | - आरक्षित सैनिक
1,200,000 | - [[प्रादेशिक सेना]
200.000 ** | - मुख्य युद्धक टैंक
4500 | - तोपखाना
12,800 | - [[] प्रक्षेपास्त्र]
100 (अग्नि -1, अग्नि -2) | - [[क्रूज प्रक्षेपास्त्र] ब्रह्मोस - वायुयान 10 स्क्वाड्रन हेलिकॉप्टर - [[सतह से वायु] प्रक्षेपास्त्र]
90000 |
* 300.000 प्रथम पंक्ति 500.000 ओर द्वितीय पंक्ति के योद्धा सम्मिलित हैं; 

* 40,000 प्रथम पंक्ति 160.000 ओर द्वितीय पंक्ति के योद्धा सम्मिलित हैं
 आंकड़े 

 4 त्वरित (Reorganised सेना Plains इन्फैंट्री प्रभागों)
 18 इन्फैंट्री प्रभागों
 10 माउंटेन प्रभागों
 3 आर्मड प्रभागों
 2 आर्टिलरी प्रभागों
 13 एयर डिफेंस + ब्रिगेड्स 2 भूतल एयर मिसाइल समूह
 5 स्वतंत्र बख्तरबंद ब्रिगेड
 15 स्वतंत्र आर्टिलरी ब्रिगेड
 7 स्वतंत्र इन्फैंट्री ब्रिगेड
 1 पैराशूट ब्रिगेड
 4 अभियंता ब्रिगेड
 14 सेना उड्डयन हेलीकाप्टर इकाइयों
 उप - इकाइयाँ 
 63 टैंक रेजिमेंट
 7 एयरबोर्न बटालियन
 200 आर्टिलरी रेजिमेंट
 360 इन्फैंट्री बटालियन + 5 पैरा बटालियन (एस एफ)
 40 मैकेनाइज्ड इंफेंट्री बटालियन
 लड़ाकू हेलीकाप्टर इकाइयों 20
 52 एयर डिफेंस रेजिमेंट
 पदानुक्रम संरचना 
[[चित्र: भारतीय सेना के गोरखा rifles.jpg | अंगूठे | [[1 की 1 बटालियन गोरखा राइफल्स] भारतीय सेना का] एक नकली मुकाबला शहर के बाहर एक प्रशिक्षण अभ्यास के दौरान स्थान ले]]
भारतीय सेना के विभिन्न रैंक से नीचे के अवरोही क्रम में सूचीबद्ध हैं:कमीशन प्राप्त अधिकारी  फ़ील्ड मार्शल] 
* जनरल (यह थलसेना अध्यक्ष का पद है)
* लेफ्टिनेंट - जनरल
* मेजर - जनरल
* ब्रिगेडियर
* कर्नल
* लेफ्टिनेंट - कर्नल
* मेजर
* [कप्तान [(भूमि) | कप्तान
 [[लेफ्टिनेंट]
 सेकंड लेफ्टिनेंट 2 कनिष्ठ कमीशन प्राप्त अधिकारी (जेसीओ) सूबेदार मेजर / [[मानद कप्तान] 3 
 सूबेदार / मानद लेफ्टिनेंट 3 
 सूबेदार मेजर
 सूबेदार
 नायब सूबेदारगैर कमीशन प्राप्त अधिकारी (NCOs) रेजीमेंट हवलदार मेजर 2 
 रेजीमेंट क्वार्टरमास्टर हवलदार मेजर 2 
 कंपनी हवलदार मेजर
 कंपनी क्वार्टरमास्टर हवलदार मेजर
 हवलदार
 नायक
 लांसनायक
 सिपाही नोट: 

• 1. केवल दो अधिकारियों को फील्ड मार्शल किया गया है अब तक बना है: फील्ड के.एम. करियप्पा – पहले भारतीय कमांडर - इन - चीफ (एक के बाद के बाद समाप्त कर दिया है) – और फील्ड मार्शल SHFJ मानेकशॉ मार्शल , 1971 के युद्ध पाकिस्तान के साथ. 
 में सेना के दौरान थल सेनाध्यक्ष
• 2. यह अब बंद कर दिया गया है। हवलदार के रैंक में गैर कमीशंड अधिकारी मानद जूनियर कमीशन अफसर रैंकों के लिए elible हैं 

• 3. बकाया है जूनियर कमीशन अफसर श्रेष्टता श्रेणी को देखते हुए और एक लेफ्टिनेंट के भुगतान, भूमिका एक जूनियर कमीशन अफसर का होना जारी है 
 युद्ध सिद्धान्त भारतीय सेना के वर्तमान सिद्धांत का मुकाबला प्रभावी ढंग से पकड़े संरचनाओं और हड़ताल संरचनाओं के उपयोग पर आधारित है। एक हमले के मामले में पकड़े संरचनाओं दुश्मन होते हैं और हड़ताल संरचनाओं दुश्मन ताकतों को बेअसर पलटवार होगा. एक भारतीय हमले के मामले में पकड़े संरचनाओं दुश्मन ताकतों नीचे पिन भारतीय को चुनने के एक बिंदु पर whilst हड़ताल संरचनाओं हमले. भारतीय सेना काफी बड़ी हड़ताल भूमिका के लिए कई कोर समर्पित है। वर्तमान में, सेना अपने विशेष बलों क्षमताओं को बढ़ाने में भी देख रहा है। उपस्कर एवं उपकरण  सही | अंगूठे | एमबीटी अर्जुन .
[[चित्र: भारतीय सेना टी 90.jpg | अंगूठे |  भीष्म टी 90] एमबीटी
[[चित्र: भारतीय सेना T-72 image1.jpg | अंगूठे | सही | [[टी 72] अजेय]]
 सही | अंगूठे | नाग मिसाइल और NAMICA (नाग मिसाइल वाहक)
Template:मुख्य
सेना के उपकरणों के अधिकांश आयातित है, लेकिन प्रयासों के लिए स्वदेशी उपकरणों के निर्माण किए जा रहे हैं। सभी भारतीय सैन्य आग्नेयास्त्रों बंदूकें आयुध निर्माणी बोर्ड की छतरी के प्रशासन के तहत निर्मित कर रहे हैं, ईशापुर में प्रिंसिपल बन्दूक विनिर्माण सुविधाओं के साथ, काशीपुर, कानपुर, जबलपुर और तिरूचिरापल्ली. भारतीय राष्ट्रीय लघु शस्त्र प्रणाली (INSAS) राइफल है, जो सफलतापूर्वक 1997 के बाद से भारतीय सेना द्वारा शामिल Ordanance निर्माणी बोर्ड, ईशापुर के एक उत्पाद है। जबकि गोला बारूद किरकी (अब Khadki) में निर्मित है और संभवतः बोलंगीर पर. इन्हें भी देखें  भारतीय सशस्‍त्र सेनाएं
 ब्रिटिश भारतीय सेना
 आज़ाद हिन्द फ़ौज
 प्रादेशिक सेना
 भारतीय सेनाएं सशस्त्र
 ब्रिटिश भारतीय सेना
 इंडियन नेशनल आर्मी
 भारतीय प्रादेशिक सेना बाहरी कड़ियाँ 
मुख्य लेख:  भारतीय सेना के उपकरण
भारतीय सेना के विभिन्न रैंक से नीचे के अवरोही क्रम में सूचीबद्ध हैं:कमीशन प्राप्त अधिकारी  फ़ील्ड मार्शल] 
* जनरल (यह थलसेना अध्यक्ष का पद है)
* लेफ्टिनेंट - जनरल
* मेजर - जनरल
* ब्रिगेडियर
* कर्नल
* लेफ्टिनेंट - कर्नल
* मेजर
* [कप्तान [(भूमि) | कप्तान
 [[लेफ्टिनेंट]
 सेकंड लेफ्टिनेंट 2 कनिष्ठ कमीशन प्राप्त अधिकारी (जेसीओ) सूबेदार मेजर / [[मानद कप्तान] 3 
 सूबेदार / मानद लेफ्टिनेंट 3 
 सूबेदार मेजर
 सूबेदार
 नायब सूबेदारगैर कमीशन प्राप्त अधिकारी (NCOs) रेजीमेंट हवलदार मेजर 2 
 रेजीमेंट क्वार्टरमास्टर हवलदार मेजर 2 
 कंपनी हवलदार मेजर
 कंपनी क्वार्टरमास्टर हवलदार मेजर
 हवलदार
 नायक
 लांसनायक
 सिपाही नोट: 

• 1. केवल दो अधिकारियों को फील्ड मार्शल किया गया है अब तक बना है: फील्ड के.एम. करियप्पा – पहले भारतीय कमांडर - इन - चीफ (एक के बाद के बाद समाप्त कर दिया है) – और फील्ड मार्शल SHFJ मानेकशॉ मार्शल , 1971 के युद्ध पाकिस्तान के साथ. 
 में सेना के दौरान थल सेनाध्यक्ष
• 2. यह अब बंद कर दिया गया है। हवलदार के रैंक में गैर कमीशंड अधिकारी मानद जूनियर कमीशन अफसर रैंकों के लिए elible हैं 

• 3. बकाया है जूनियर कमीशन अफसर श्रेष्टता श्रेणी को देखते हुए और एक लेफ्टिनेंट के भुगतान, भूमिका एक जूनियर कमीशन अफसर का होना जारी है 
 युद्ध सिद्धान्त भारतीय सेना के वर्तमान सिद्धांत का मुकाबला प्रभावी ढंग से पकड़े संरचनाओं और हड़ताल संरचनाओं के उपयोग पर आधारित है। एक हमले के मामले में पकड़े संरचनाओं दुश्मन होते हैं और हड़ताल संरचनाओं दुश्मन ताकतों को बेअसर पलटवार होगा. एक भारतीय हमले के मामले में पकड़े संरचनाओं दुश्मन ताकतों नीचे पिन भारतीय को चुनने के एक बिंदु पर whilst हड़ताल संरचनाओं हमले. भारतीय सेना काफी बड़ी हड़ताल भूमिका के लिए कई कोर समर्पित है। वर्तमान में, सेना अपने विशेष बलों क्षमताओं को बढ़ाने में भी देख रहा है। उपस्कर एवं उपकरण  सही | अंगूठे | एमबीटी अर्जुन .
[[चित्र: भारतीय सेना टी 90.jpg | अंगूठे |  भीष्म टी 90] एमबीटी
[[चित्र: भारतीय सेना T-72 image1.jpg | अंगूठे | सही | [[टी 72] अजेय]]
 सही | अंगूठे | नाग मिसाइल और NAMICA (नाग मिसाइल वाहक)
Template:मुख्य
सेना के उपकरणों के अधिकांश आयातित है, लेकिन प्रयासों के लिए स्वदेशी उपकरणों के निर्माण किए जा रहे हैं। सभी भारतीय सैन्य आग्नेयास्त्रों बंदूकें आयुध निर्माणी बोर्ड की छतरी के प्रशासन के तहत निर्मित कर रहे हैं, ईशापुर में प्रिंसिपल बन्दूक विनिर्माण सुविधाओं के साथ, काशीपुर, कानपुर, जबलपुर और तिरूचिरापल्ली. भारतीय राष्ट्रीय लघु शस्त्र प्रणाली (INSAS) राइफल है, जो सफलतापूर्वक 1997 के बाद से भारतीय सेना द्वारा शामिल Ordanance निर्माणी बोर्ड, ईशापुर के एक उत्पाद है। जबकि गोला बारूद किरकी (अब Khadki) में निर्मित है और संभवतः बोलंगीर पर. इन्हें भी देखें  भारतीय सशस्‍त्र सेनाएं
 ब्रिटिश भारतीय सेना
 आज़ाद हिन्द फ़ौज
 प्रादेशिक सेना
 भारतीय सेनाएं सशस्त्र
 ब्रिटिश भारतीय सेना
 इंडियन नेशनल आर्मी
 भारतीय प्रादेशिक सेना बाहरी कड़ियाँ 

 सन्दर्भ 



श्रेणी:भारतीय सेना",भारतीय सेना का मुख्यालय कहा पर है?,नई दिल्ली
"आयरिश (अंग्रेज़ी: Irish) (मूल नाम: Gaeilge, teanga na Gaeilge, Ghaelacha) भारोपीय परिवार की एक गोइदेलिक भाषा है, जिसका उद्भव आयरलैंड में हुआ और आयरिश लोगों द्वारा बोली जाती है। आज आयरिश भले ही केवल आयरिश जनसंख्या के एक छोटे समुदाय द्वारा बोली जाती हो, लेकिन यह आयरिश राज्य के निवासियों के जीवन में एक महत्वपूर्ण प्रतीकात्मक भूमिका अदा करता है, जिसका इस्तेमाल देश भर में मीडिया, निजी संदर्भों और सामाजिक स्थितियों में किया जाता है। इसे आयरलैंड गणतंत्र की राष्ट्रीय और पहली आधिकारिक भाषा के रूप में संवैधानिक दर्जा प्राप्त है, इसके अलावा इसे यूरोपीय संघ के एक आधिकारिक भाषा के रूप में दर्जा प्राप्त है। आयरिश को उत्तरी आयरलैंड में भी आधिकारिक तौर पर अल्पसंख्यक भाषा का दर्जा प्राप्त है।
 आयरिश साहित्य 

आयरिश आयरलैंड की भाषा तथा साहित्य को 'आयरिश' नाम से जाना जाता है। आयरलैंड में अंग्रेजों के प्रभुत्वकाल में तो अंग्रेजी की ही प्रधानता रही, पर देश की स्वाधीनता के बाद वहाँ की अपनी भाषा आयरिश (गैली) को फिर से महत्व दिया गया। गैली का साहित्य पाँचवी शताब्दी ई. तक का मिलता है। आयरिश भारत यूरोपीय कुल की केल्टिक शाखा के गोइडेली वर्ग से संबद्ध नहीं मानी जाती है। 
विकास की दृष्टि से आयरिश भाषा के इतिहास को तीन कालों में विभक्त किया जाता है-
(१) प्राचीन आयरिश (सातवीं सदी नवीं सदी के मध्य तक)
(२) मध्यकालीन आयरिश (नवीं से १२वीं सदी तक तथा)
(३) आधुनिक (१३वीं सदी के उपरांत)
 (क) १७वीं सदी से पूर्व, तथा 
 (ख) १७वीं सदी के बाद। 
राष्ट्रीय पुनर्जागरण के फलस्वरूप आयरिश को देश में फिर से स्थापित तो किया गया, परंतु आधुनिक आयरिश का कोई एक स्थिरीकृत रूप नहीं बन सका है। आयरिश की कई बोलियाँ अब भी महत्व की स्थिति लिए हुए हैं। 
प्रारंभिक आयरिश साहित्य में शौर्यगाथाओं की प्रधानता रही है जो गद्य तथा पद्य के मिले जुले रूप में लिखी गई थीं। ऐसे गाथाचक्रों में 'अलस्टर' का नाम विशेष महत्वपूर्ण है। इसके अतिरिक्त आदिकालीन आयरिश कविता में गीत तत्व की भी प्रधानता थी। ऐसा काव्य प्रमुखत: धार्मिक तथा प्रकृति सम्बंधी प्रेरणाओं की पृठभूमि में लिखा गया था। इन धार्मिक गीतों में सेंट पैट्रिक का गीत तथा उल्टान का सेंट ब्रिजिट के प्रति गीत विशेष रूप से उल्लेखनीय हैं। नवीं तथा १०वीं सदी के आसपास ऐतिहासिक आभास देनेवाले साहित्य का सर्जन हुआ। धार्मिक साहित्य के अंतर्गत उपदेश, संतों के चरित्र तथा इलहाम आदि आते हैं। इस वर्ग के लेखकों में माइकेल ओ' क्लेरे (१७वीं सदी) का नाम महत्वपूर्ण है। फिर इस युग में ऐतिहासिक रचनाएँ भी लिखी गईं।
प्रारंभिक आधुनिक आयरिश साहित्य को क्लैसिकल युग कहकर भी अभिहित किया जाता है। १३वीं से १७वीं शताब्दी के बीच प्रमुखत: दरबारों में लिखा गया काव्य ऐसे कवियों द्वारा प्रस्तुत किया गया जिन्हें पेशेवर कहा जा सकता है। इन कवियों ने अपनी कुछ रचनाएँ गद्य में भी लिखीं। १७वीं सदी के अंत तक यह चारणकाव्य समाप्त हो जाता है। नए काव्यसंप्रदाय में स्वराघात पर आधारित छंदयोजना प्रचलित हुई। इस युग के प्रमुख कवि थे ईगन ओ' राहिली (१८वीं सदी का पूर्व) तथा धार्मिक कवि ताग गैले ओ' सुइलयाँ। रिवाइवलिस्ट आंदोलन के प्रमुख लेखकों में हैं-थॉमस ओ' क्रिओमथाँ (मृत्यु-१९३७), थॉमस ओ' सुइलयाँ, पैप्लेट ओ' कोनर तथा माहरे।
आयरिश पुनर्जागरण का एक सशक्त रूप अंग्रेजी साहित्य में भी व्यक्ति हुआ है जहाँ आयरलैंड के अंग्रेजी लेखकों ने अपनी रचनाओं में आयरिश लोकतत्व, शब्दविधान तथा प्रतीकयोजना के अत्यंत सफल प्रयोग किए हैं। इस आंदोलन को आयरिश या केल्टिक पुनर्जागरण के नाम से जाना जाता है।
 इन्हें भी देखें 
 आंग्ल-आयरी साहित्य
 बाहरी कड़ियाँ 






 "","" BBC
 "",""

 "",""




  (from Wiktionary's )
 व्याकरण एवं उच्चारण 
 A dialect of Donegal (a phonological description of the dialect of Glenties by E.C. Quiggin, from 1906)
  – Irish Gaelic Arts, Culture, And History Alive Worldwide Today
  incl sound file

 Die araner mundart (a phonological description of the dialect of the Aran Islands by F.N. Finck, from 1899)
 शब्दकोश 


श्रेणी:केल्टी भाषाएँ
श्रेणी:आयरलैण्ड की भाषाएँ
श्रेणी:गोइडेलिक भाषाएँ",आयरलैंड की आधिकारिक भाषा क्या है?,आयरिश
