item,itemLabel
http://www.wikidata.org/entity/Q65223121,अंगना राम
http://www.wikidata.org/entity/Q65222746,अजमेर सिंह
http://www.wikidata.org/entity/Q42654594,अजय कोठियाल
http://www.wikidata.org/entity/Q65217580,अजय नाथ बहुगुणा
http://www.wikidata.org/entity/Q65218967,अजय वर्धन
http://www.wikidata.org/entity/Q65218161,अजित सिंह
http://www.wikidata.org/entity/Q65215733,अजित सिंह
http://www.wikidata.org/entity/Q65220450,अजीत सिंह
http://www.wikidata.org/entity/Q65220950,अजीत सिंह
http://www.wikidata.org/entity/Q65222930,अजीत सिंह
http://www.wikidata.org/entity/Q65222081,अजीत सिंह
http://www.wikidata.org/entity/Q65222745,अजीत सिंह
http://www.wikidata.org/entity/Q65217154,अट्टर सिंह
http://www.wikidata.org/entity/Q65222451,अनंत राम
http://www.wikidata.org/entity/Q65219369,अनंत विश्वनाथ नटू
http://www.wikidata.org/entity/Q56489363,अनंत सिंह पठानिया
http://www.wikidata.org/entity/Q65215748,अनिल कुमार
http://www.wikidata.org/entity/Q65220494,अनिल कृष्ण बारात
http://www.wikidata.org/entity/Q65215750,अनिल मल्होत्रा
http://www.wikidata.org/entity/Q4777760,अनुज नय्यर
http://www.wikidata.org/entity/Q65217610,अनुराग नौरियाल
http://www.wikidata.org/entity/Q65220899,अनुसूया प्रसाद
http://www.wikidata.org/entity/Q65215754,अनूप कुमार चांढक
http://www.wikidata.org/entity/Q65217606,अनूप जोसेफ मंजली
http://www.wikidata.org/entity/Q65220507,अनूप सिंह गहलौत
http://www.wikidata.org/entity/Q65220500,अन्नवी कृष्णस्वामी रामास्वामी
http://www.wikidata.org/entity/Q65215730,अभिनव हांडा
http://www.wikidata.org/entity/Q65216721,अमर सिंह
http://www.wikidata.org/entity/Q65222748,अमर सिंह
http://www.wikidata.org/entity/Q65216728,अमर सिंह
http://www.wikidata.org/entity/Q65220894,अमर सिंह
http://www.wikidata.org/entity/Q65222082,अमर सिंह खत्री
http://www.wikidata.org/entity/Q65223118,अमर सिंह बिष्ट
http://www.wikidata.org/entity/Q65217585,अमर सेन
http://www.wikidata.org/entity/Q65220455,अमरजीत सिंह बल
http://www.wikidata.org/entity/Q65222083,अमरदीप सिंह बेदी
http://www.wikidata.org/entity/Q65217600,अमित ऑस्कर फेरनान
http://www.wikidata.org/entity/Q65215739,अमित सेमवाल
http://www.wikidata.org/entity/Q65222931,अमी सिंह
http://www.wikidata.org/entity/Q65222186,अमोल कालिया
http://www.wikidata.org/entity/Q65219689,अरविंद नीलकंठ जातर
http://www.wikidata.org/entity/Q65220049,अरुण भीमराव हरोलीकर
http://www.wikidata.org/entity/Q65223125,अरुण रामलिंग माली
http://www.wikidata.org/entity/Q4802144,अरुण श्रीधर वैद्य
http://www.wikidata.org/entity/Q65215308,अरुण सिंह जसरोटिया
http://www.wikidata.org/entity/Q65222188,अर्जन सिंह नरूला
http://www.wikidata.org/entity/Q65222084,अर्जुन सिंह खन्ना
http://www.wikidata.org/entity/Q65215768,अर्जुन सिंह सिंह गुलेरिया
http://www.wikidata.org/entity/Q4710138,अल्बर्ट एकका
http://www.wikidata.org/entity/Q65215736,अल्लाह नोकाठाट
http://www.wikidata.org/entity/Q65222088,अवतार सिंह अहलावत
http://www.wikidata.org/entity/Q65217651,अविनाश सिंह भदौरिया
http://www.wikidata.org/entity/Q65222224,अशोक कुमार करकरे
http://www.wikidata.org/entity/Q65222193,अशोक कुमार चौहान
http://www.wikidata.org/entity/Q65222086,अशोक कुमार नंचाहल
http://www.wikidata.org/entity/Q65222087,अशोक कुमार शर्मा
http://www.wikidata.org/entity/Q65217614,अशोक कुमार सहरावत
http://www.wikidata.org/entity/Q65217619,अशोक कुमार सिंह
http://www.wikidata.org/entity/Q65222085,अशोक चौधरी
http://www.wikidata.org/entity/Q65222227,अश्वनी कुमार दीवान
http://www.wikidata.org/entity/Q65220175,आई जे एस बुटालिया
http://www.wikidata.org/entity/Q65219353,आनंद सरूप
http://www.wikidata.org/entity/Q65222343,आर जरी प्रेम राज
http://www.wikidata.org/entity/Q65223027,आर थंगावेलु
http://www.wikidata.org/entity/Q65216001,आर सुब्रमनयण
http://www.wikidata.org/entity/Q65222185,आलोक सिंह
http://www.wikidata.org/entity/Q65222190,आशीष सोनल
http://www.wikidata.org/entity/Q65215774,आशुतोष कुमार
http://www.wikidata.org/entity/Q65220513,आसा राम त्यागी
http://www.wikidata.org/entity/Q65220179,इंदर बाल सिंह बावा
http://www.wikidata.org/entity/Q65217732,इंदर सिंह रावत
http://www.wikidata.org/entity/Q65216156,इंदर्जित सिंह
http://www.wikidata.org/entity/Q65217737,इंदर्जीत सिंह बब्बर
http://www.wikidata.org/entity/Q65216792,इंद्र बहादुर गुरुंग
http://www.wikidata.org/entity/Q65219032,इंद्र बहादुर थापा
http://www.wikidata.org/entity/Q65222795,इंद्रबहादुर गुरुंग
http://www.wikidata.org/entity/Q65222274,इनायत अल्ताफ यूसुफजी
http://www.wikidata.org/entity/Q65220912,इमलियाकुम
http://www.wikidata.org/entity/Q65222275,इरला जयराम रेड्डी
http://www.wikidata.org/entity/Q65217740,इवान जोसेफ क्रेस्टो
http://www.wikidata.org/entity/Q65219880,इष्ट तुंडुप
http://www.wikidata.org/entity/Q65217366,इसरार रहीम खान
http://www.wikidata.org/entity/Q65222252,ईश्वर नारायण इयांगर
http://www.wikidata.org/entity/Q65218098,ईश्वर सिंह
http://www.wikidata.org/entity/Q65222798,ईश्वर सिंह
http://www.wikidata.org/entity/Q65222425,उदय परशुराम साठे
http://www.wikidata.org/entity/Q65219804,उदय सिंह
http://www.wikidata.org/entity/Q65222923,उधम सिंह
http://www.wikidata.org/entity/Q65223716,उमर सिंह गुरुंग
http://www.wikidata.org/entity/Q65223301,उमराव सिंह
http://www.wikidata.org/entity/Q65218834,उमेश चन्द्र
http://www.wikidata.org/entity/Q65222477,उमेश सिंह बावा
http://www.wikidata.org/entity/Q65218131,उम्मेद सिंह
http://www.wikidata.org/entity/Q20985493,उम्मेद सिंह मेहरा
http://www.wikidata.org/entity/Q65217988,उष्णीशा जैटली
http://www.wikidata.org/entity/Q65215543,ऋषि अशोक मल्होत्रा
http://www.wikidata.org/entity/Q65218318,ऋषिकेश गुर्जर
http://www.wikidata.org/entity/Q65222187,ए पी शर्मा
http://www.wikidata.org/entity/Q65216714,ए सोमिया
http://www.wikidata.org/entity/Q65219497,एंथनी हेरोल्ड एडवर्ड मिशिगन
http://www.wikidata.org/entity/Q65222122,एन चन्द्र शेखरन नायर
http://www.wikidata.org/entity/Q65222314,एम वाई शेटे
http://www.wikidata.org/entity/Q65215312,एरिक जेम्स टकर
http://www.wikidata.org/entity/Q65223585,ओम बहादुर छेत्री
http://www.wikidata.org/entity/Q65217411,ओसिरिस दास
http://www.wikidata.org/entity/Q65217505,कणवदीप सिंह
http://www.wikidata.org/entity/Q7255992,कतूलू रवि कुमार
http://www.wikidata.org/entity/Q65219595,कन्हैया लाल अटल
http://www.wikidata.org/entity/Q65219709,कपिल सिंग थापा
http://www.wikidata.org/entity/Q6355509,कमल राम गुर्जर
http://www.wikidata.org/entity/Q65217387,कमलदीप सिंह
http://www.wikidata.org/entity/Q65217199,करण बहादुर गुरुंग
http://www.wikidata.org/entity/Q6372945,करणी सिंह राठौड़
http://www.wikidata.org/entity/Q65222989,करतार सिंह
http://www.wikidata.org/entity/Q65222294,करतार सिंह
http://www.wikidata.org/entity/Q65236944,करतार सिंह (सैनिक)
http://www.wikidata.org/entity/Q65218229,करनाइल सिंह
http://www.wikidata.org/entity/Q65222986,करनैल सिंह
http://www.wikidata.org/entity/Q65222293,करम सिंह कंग
http://www.wikidata.org/entity/Q65219041,करुप्पन पलाठ रमन रवि
http://www.wikidata.org/entity/Q65218226,कर्ण बहादुर राय
http://www.wikidata.org/entity/Q65218119,कल्याण सिंह
http://www.wikidata.org/entity/Q65222113,कंवरजीत सिंह
http://www.wikidata.org/entity/Q65222295,कविल अधिरखुननाथ मोहन
http://www.wikidata.org/entity/Q65222809,कश्मीर सिंह ठाकुर
http://www.wikidata.org/entity/Q65220187,कश्मीरी लाल रतन
http://www.wikidata.org/entity/Q65223220,कंस राज
http://www.wikidata.org/entity/Q65223510,कामखोलम कूकी
http://www.wikidata.org/entity/Q65220183,कामन सिंह
http://www.wikidata.org/entity/Q65223507,कालीचरण गुरुंग
http://www.wikidata.org/entity/Q65220916,कांशी राम
http://www.wikidata.org/entity/Q65222808,कांशी राम
http://www.wikidata.org/entity/Q65222828,किचरला महालक्ष्मी
http://www.wikidata.org/entity/Q65222815,किरपा राम
http://www.wikidata.org/entity/Q65223225,किशन सिंह
http://www.wikidata.org/entity/Q6416533,किशन सिंह राठौड़
http://www.wikidata.org/entity/Q17403070,कीशिंग क्लिफोर्ड नोंग्रुन
http://www.wikidata.org/entity/Q65222308,कुनहीराम वेणुगोपाल
http://www.wikidata.org/entity/Q65217771,कुमंदर प्रभाकर विनय
http://www.wikidata.org/entity/Q65222825,कुमार सिंह
http://www.wikidata.org/entity/Q65223516,कुमार सिंह गुरुंग
http://www.wikidata.org/entity/Q65222114,कुमुद कुमार
http://www.wikidata.org/entity/Q65222296,कुल भूषण उप्रेती
http://www.wikidata.org/entity/Q6442891,कुलदीप सिंह चांदपुरी
http://www.wikidata.org/entity/Q6442890,कुलदीप सिंह ब्रार
http://www.wikidata.org/entity/Q65222297,कुलदीप सिंह राठी
http://www.wikidata.org/entity/Q65216998,कुलवंत सिंह
http://www.wikidata.org/entity/Q6443320,कुलवन्त सिंह पन्नू
http://www.wikidata.org/entity/Q65222826,कुंवर सिंह चौधरी
http://www.wikidata.org/entity/Q65222827,कुशाल सिंह
http://www.wikidata.org/entity/Q65222456,कृपाल सिंह बिष्ट
http://www.wikidata.org/entity/Q65222820,कृष्ण गुरू
http://www.wikidata.org/entity/Q65220653,कृष्ण गोपाल चटर्जी
http://www.wikidata.org/entity/Q65222475,कृष्ण प्रसाद लाहिड़ी
http://www.wikidata.org/entity/Q65217766,कृष्ण मूर्ति बालसुब्रमणियम
http://www.wikidata.org/entity/Q65222462,कृष्ण सिंह
http://www.wikidata.org/entity/Q65219599,कृष्णस्वामी गौरी शंकर
http://www.wikidata.org/entity/Q65220778,कृष्णा सोनवणे
http://www.wikidata.org/entity/Q65222818,के के गोपालकृष्ण नायर
http://www.wikidata.org/entity/Q65223222,के जी जॉर्ज
http://www.wikidata.org/entity/Q65218117,के जॉर्ज कोशी
http://www.wikidata.org/entity/Q6444604,के पी कंडेथ
http://www.wikidata.org/entity/Q65222811,केदार सिंह
http://www.wikidata.org/entity/Q65220930,केवल सिंह
http://www.wikidata.org/entity/Q65222474,केशव पिल्लई परमेस्वरन पिल्लई ससिकुमार
http://www.wikidata.org/entity/Q5619881,कैप्टन गुरबचन सिंह सलारिया
http://www.wikidata.org/entity/Q65219590,कैलास प्रसाद पांडे
http://www.wikidata.org/entity/Q65218122,कोश बहादुर गुरुंग
http://www.wikidata.org/entity/Q65222810,कौला सिंह थापा
http://www.wikidata.org/entity/Q24934857,कौशल यादव
http://www.wikidata.org/entity/Q65222812,खज़ान सिंह सांगवान
http://www.wikidata.org/entity/Q65215500,खार्का बहादुर लिम्बू
http://www.wikidata.org/entity/Q65220645,खुशाल चंद
http://www.wikidata.org/entity/Q65223513,खुशिमन गुरुंग
http://www.wikidata.org/entity/Q12422583,खेम करण सिंह
http://www.wikidata.org/entity/Q24935221,गगनदीप बक्शी
http://www.wikidata.org/entity/Q65223170,गंगा धर
http://www.wikidata.org/entity/Q65222775,गंगा बहादुर रावत
http://www.wikidata.org/entity/Q65223410,गंगा राम
http://www.wikidata.org/entity/Q65222949,गजानन अदिसरे
http://www.wikidata.org/entity/Q5683030,गजेन्द्र सिंह बिष्ट
http://www.wikidata.org/entity/Q65222777,गिरधारी लाल
http://www.wikidata.org/entity/Q65218169,गी वार्घीसी केडी
http://www.wikidata.org/entity/Q65222950,गुगन राम
http://www.wikidata.org/entity/Q65222788,गुमान सिंह गुरुंग
http://www.wikidata.org/entity/Q65217697,गुरचरण सिंह
http://www.wikidata.org/entity/Q65222258,गुरचरण सिंह भाटिया
http://www.wikidata.org/entity/Q65219706,गुरजिंदर सिंह सूरी
http://www.wikidata.org/entity/Q65222100,गुरजीत सिंह बाजवा
http://www.wikidata.org/entity/Q65218773,गुरतेज सिंह गिल
http://www.wikidata.org/entity/Q65220596,गुरदयाल सिंह
http://www.wikidata.org/entity/Q65220957,गुरदियाल सिंह
http://www.wikidata.org/entity/Q65222789,गुरदेव सिंह
http://www.wikidata.org/entity/Q65223104,गुरदेव सिंह
http://www.wikidata.org/entity/Q65215464,गुरनाम सिंह
http://www.wikidata.org/entity/Q65220577,गुरबख्श सिंह
http://www.wikidata.org/entity/Q65222257,गुरबख्श सिंह सिहोटा
http://www.wikidata.org/entity/Q65220156,गुरबंस सिंह संघा
http://www.wikidata.org/entity/Q65216148,गुरबीर सिंह सारना
http://www.wikidata.org/entity/Q65222259,गुरमीत सिंह पुनिया
http://www.wikidata.org/entity/Q65222260,गुरमुख सिंह गिल
http://www.wikidata.org/entity/Q65217691,गेन शंकरराव पंडुरुंग पाटिल थोराट
http://www.wikidata.org/entity/Q65222254,गोप कुमार रमन पिल्लई
http://www.wikidata.org/entity/Q65222780,गोपला कृष्णन
http://www.wikidata.org/entity/Q65222782,गोपाल कुरुप
http://www.wikidata.org/entity/Q65222098,गोपाल कृष्ण
http://www.wikidata.org/entity/Q65219304,गोपाल कृष्ण वेंकटेश प्रसन्ना राव
http://www.wikidata.org/entity/Q65218172,गोपाल सिंह
http://www.wikidata.org/entity/Q65223450,गोपाल सिंह
http://www.wikidata.org/entity/Q65222255,गोपाल सिंह
http://www.wikidata.org/entity/Q65222256,गोपालन लक्ष्मीनारायण स्वामी
http://www.wikidata.org/entity/Q65222785,गोपीनाथ भिंगारडिव
http://www.wikidata.org/entity/Q65223445,गोबर्धन अधिकारी
http://www.wikidata.org/entity/Q65218724,गोरख नाथ सिंह
http://www.wikidata.org/entity/Q65222787,गोविंद कांबले
http://www.wikidata.org/entity/Q65220044,गोविंदराज रंगराज
http://www.wikidata.org/entity/Q65219703,गौतम मुबयी
http://www.wikidata.org/entity/Q65222027,गौरी शंकर साह
http://www.wikidata.org/entity/Q65215896,ग्रामम कस्तुरीरंगम कृष्ण अय्यंगार
http://www.wikidata.org/entity/Q3595310,ग्रेनेडियर योगेन्द्र सिंह यादव
http://www.wikidata.org/entity/Q65220768,चंद सिंह
http://www.wikidata.org/entity/Q65223353,चंद सिंह
http://www.wikidata.org/entity/Q65219694,चंदर नारायण सिंह
http://www.wikidata.org/entity/Q65222093,चंदर पाल
http://www.wikidata.org/entity/Q65216742,चंदर पाल ठाकुर
http://www.wikidata.org/entity/Q65222243,चंदर बल्लभ शर्मा
http://www.wikidata.org/entity/Q65218074,चंद्र सिंह
http://www.wikidata.org/entity/Q65223357,चंद्रकेत प्रसाद यादव
http://www.wikidata.org/entity/Q65222765,चनिरी चंद
http://www.wikidata.org/entity/Q65222244,चन्द्र कांत
http://www.wikidata.org/entity/Q65217163,चरण सिंह
http://www.wikidata.org/entity/Q65222030,चलहुना लुशाई
http://www.wikidata.org/entity/Q65222042,चित्तुर वेणुगोपाल
http://www.wikidata.org/entity/Q65222245,चीतोर सुब्रमण्यम कृष्णन
http://www.wikidata.org/entity/Q5116414,चुनी लाल
http://www.wikidata.org/entity/Q65219822,चुन्नी राम
http://www.wikidata.org/entity/Q65215458,चुन्नी लाल
http://www.wikidata.org/entity/Q65223359,चुन्नी सिंह
http://www.wikidata.org/entity/Q65218709,चुहड़ सिंह
http://www.wikidata.org/entity/Q65219871,चेवांग रिंचन
http://www.wikidata.org/entity/Q5094513,चेवांग रिंचेन
http://www.wikidata.org/entity/Q65220758,चैन सिंह
http://www.wikidata.org/entity/Q65215405,छेरिंग मुटुप
http://www.wikidata.org/entity/Q65222766,छोटे सिंह
http://www.wikidata.org/entity/Q65217180,जगजीत सिंह
http://www.wikidata.org/entity/Q65215425,जगणनाथ रावजी चिटनीस
http://www.wikidata.org/entity/Q65219037,जगत बहादुर घले
http://www.wikidata.org/entity/Q65216136,जगताप शिवाजी बालू
http://www.wikidata.org/entity/Q65218838,जगदीश चंद
http://www.wikidata.org/entity/Q65218776,जगदीश चंद
http://www.wikidata.org/entity/Q65222276,जगदीश चंद्र गोसैन
http://www.wikidata.org/entity/Q65222277,जगदीश सिंह
http://www.wikidata.org/entity/Q65222163,जगदीश सिंह
http://www.wikidata.org/entity/Q65223176,जगदीश सिंह
http://www.wikidata.org/entity/Q65222970,जगन नाथ खोराना
http://www.wikidata.org/entity/Q65222025,जगबीर सिंह
http://www.wikidata.org/entity/Q65223496,जंगबीर सिंह
http://www.wikidata.org/entity/Q65218101,जगरूप सिंह
http://www.wikidata.org/entity/Q65222278,जगीर सिंह कोकरी
http://www.wikidata.org/entity/Q65222976,जतन सिंह गुसाईं
http://www.wikidata.org/entity/Q65222290,जतिंदर नाथ सूद
http://www.wikidata.org/entity/Q65223487,जनक सिंह
http://www.wikidata.org/entity/Q65222974,जनक सिंह
http://www.wikidata.org/entity/Q65223491,जनक सिंह
http://www.wikidata.org/entity/Q65223206,जनार्दन सूबेदार
http://www.wikidata.org/entity/Q65223467,जमन सिंह पाटकी
http://www.wikidata.org/entity/Q65217371,जमशेद भुरजोरजी दोराब्जी
http://www.wikidata.org/entity/Q65217745,"जय बहुगुणा एसएम, वीएसएम"
http://www.wikidata.org/entity/Q65223203,जय सिंह बिष्ट
http://www.wikidata.org/entity/Q65222289,जयदीप सेनगुप्ता
http://www.wikidata.org/entity/Q65215916,जयदेव
http://www.wikidata.org/entity/Q65220614,जयवीर सिंह
http://www.wikidata.org/entity/Q65222110,जयेन्द्र जयसिंह राणे
http://www.wikidata.org/entity/Q65215317,जस राम सिंह
http://www.wikidata.org/entity/Q65223505,जसबहादुर थापा
http://www.wikidata.org/entity/Q65215352,जसबीर सिंह रैना
http://www.wikidata.org/entity/Q65223212,जसवंत सिंह
http://www.wikidata.org/entity/Q3518489,जसवंत सिंह
http://www.wikidata.org/entity/Q65217374,जसवंत सिंह
http://www.wikidata.org/entity/Q65223209,जसवंत सिंह
http://www.wikidata.org/entity/Q65222803,जस्सा सिंह
http://www.wikidata.org/entity/Q65223500,जार जंग गुरुंग
http://www.wikidata.org/entity/Q65216050,ज़ाला अजीतकुमार अर्शिभाई
http://www.wikidata.org/entity/Q65222291,जिंटू गोगोई
http://www.wikidata.org/entity/Q65222292,जितेंद्र कुमार
http://www.wikidata.org/entity/Q65217185,जितेंद्र बिस्वास
http://www.wikidata.org/entity/Q65222111,जितेन्द्र पाल चोपड़ा
http://www.wikidata.org/entity/Q65223173,जियान चंद
http://www.wikidata.org/entity/Q65222979,जीत सिंह
http://www.wikidata.org/entity/Q65222167,जे सी पुरी
http://www.wikidata.org/entity/Q6105676,जे॰एफ॰आर॰ जैकब
http://www.wikidata.org/entity/Q65217748,जेम्स थॉमस
http://www.wikidata.org/entity/Q65223215,जोगिंदर सिंह
http://www.wikidata.org/entity/Q65215381,जोगिंदर सिंह
http://www.wikidata.org/entity/Q65215922,जोगिंदर सिंह घराया
http://www.wikidata.org/entity/Q65222033,जोगिंदर सिंह घरैया
http://www.wikidata.org/entity/Q65222112,जोगिंदर सिंह जसवाल
http://www.wikidata.org/entity/Q65217761,जोगिंदर सिंह तंवर
http://www.wikidata.org/entity/Q65219506,जोगिंदर सिंह बख्शी
http://www.wikidata.org/entity/Q65223217,जोगिंदर सिंह सेन
http://www.wikidata.org/entity/Q1895936,जोगिन्दर जसवन्त सिंह
http://www.wikidata.org/entity/Q65216799,जोगेन्द्र सिंह सेन
http://www.wikidata.org/entity/Q18385647,जोजन थॉमस
http://www.wikidata.org/entity/Q65217124,जोरा सिंह
http://www.wikidata.org/entity/Q8074436,ज़ोरावर चन्द बख्शी
http://www.wikidata.org/entity/Q65222807,जोसेफ गुदा चांग
http://www.wikidata.org/entity/Q64877566,ज्ञान चंद
http://www.wikidata.org/entity/Q65223453,ज्ञानेंद्र कुमार राय
http://www.wikidata.org/entity/Q65220981,टिकाबहादुर थापा
http://www.wikidata.org/entity/Q65218354,टिकाराम थापा
http://www.wikidata.org/entity/Q65223294,टेक बहादुर गुरुंग
http://www.wikidata.org/entity/Q65220430,ठाकुर प्रीथि चंद
http://www.wikidata.org/entity/Q65223704,ठाकुर सिंह रावत
http://www.wikidata.org/entity/Q65215547,डालचंद सिंह प्रताप
http://www.wikidata.org/entity/Q65217671,डेंजिल हेर्बर्ट डी'क्रूज
http://www.wikidata.org/entity/Q65222094,डेविड अलेक्जेंडर देवदासन
http://www.wikidata.org/entity/Q65222421,तजेंद्र कुमार मोइत्रा
http://www.wikidata.org/entity/Q7684690,तपीश्वर नारायण रैना
http://www.wikidata.org/entity/Q65218321,तपे याजो
http://www.wikidata.org/entity/Q65222141,तमाल सत्यनारायण रॉय
http://www.wikidata.org/entity/Q65218323,तरलोक सिंह
http://www.wikidata.org/entity/Q65222904,तिनगंग लामा
http://www.wikidata.org/entity/Q65223709,तिलक बहादुर राय
http://www.wikidata.org/entity/Q65222903,तिलक राज
http://www.wikidata.org/entity/Q65222423,तीरथ सिंह
http://www.wikidata.org/entity/Q65222424,तीरथ सिंह ओबराय
http://www.wikidata.org/entity/Q154658,तुकाराम ओम्बले
http://www.wikidata.org/entity/Q65222153,तुलसीं पुरुषोत्तम
http://www.wikidata.org/entity/Q65222921,तुलसीराम
http://www.wikidata.org/entity/Q64877735,तुषार धसमाना
http://www.wikidata.org/entity/Q65218326,तेक बहादुर छेत्री
http://www.wikidata.org/entity/Q65218329,तेक बहादुर थापा
http://www.wikidata.org/entity/Q65222422,तेजबंस सिंह चेहल
http://www.wikidata.org/entity/Q65223074,तेजबहादुर गुरुंग
http://www.wikidata.org/entity/Q65222142,तेजा सिंह
http://www.wikidata.org/entity/Q65217492,तेजिंदर सिंह
http://www.wikidata.org/entity/Q65222146,तेजेंदर सिंह
http://www.wikidata.org/entity/Q65223298,त्रिलोक सिंह
http://www.wikidata.org/entity/Q65223713,त्रिलोक सिंह थापा
http://www.wikidata.org/entity/Q65223711,त्रिलोक सिंह नेगी
http://www.wikidata.org/entity/Q7844638,त्रिवेणी सिंह
http://www.wikidata.org/entity/Q65222150,थांडी राम
http://www.wikidata.org/entity/Q65219613,थॉमस कृष्णन थियोगराज
http://www.wikidata.org/entity/Q65219867,थॉमस फिलिपोज
http://www.wikidata.org/entity/Q5203819,द स्रीरम  कुमर्
http://www.wikidata.org/entity/Q65218081,दया नन्द
http://www.wikidata.org/entity/Q65219939,दया राम
http://www.wikidata.org/entity/Q65218719,दया शंकर
http://www.wikidata.org/entity/Q65222769,दयानंद राम
http://www.wikidata.org/entity/Q65218716,दरयाव
http://www.wikidata.org/entity/Q65220774,दर्शन सिंह
http://www.wikidata.org/entity/Q65219017,दलजीत सिंह
http://www.wikidata.org/entity/Q65220542,दलजीत सिंह नारग
http://www.wikidata.org/entity/Q65222767,दलबहादुर गुरुंग
http://www.wikidata.org/entity/Q65223362,दलबहादुर पुं
http://www.wikidata.org/entity/Q16728340,दलबीर सिंह सुहाग
http://www.wikidata.org/entity/Q65215777,दविंदर सिंह जास
http://www.wikidata.org/entity/Q65222246,दविंदर सिंह राजपूत
http://www.wikidata.org/entity/Q65219698,दारा दिनशॉ मिस्त्री
http://www.wikidata.org/entity/Q5275600,दिगेंद्र कुमार
http://www.wikidata.org/entity/Q65215892,दिनेश प्रसाद माथुर
http://www.wikidata.org/entity/Q18206416,दिनेश रघु रमन
http://www.wikidata.org/entity/Q65219024,दिल बहादुर थापा
http://www.wikidata.org/entity/Q65223166,दिलबाग सिंह
http://www.wikidata.org/entity/Q57335241,दिलीप कुमार झा
http://www.wikidata.org/entity/Q65222251,दिवाकर अनंत परांजपे
http://www.wikidata.org/entity/Q65217665,दीपक तिवारी
http://www.wikidata.org/entity/Q65217659,दीपक मेहरा
http://www.wikidata.org/entity/Q65215781,दीपक शर्मा
http://www.wikidata.org/entity/Q24284496,दीवान रंजीत राय
http://www.wikidata.org/entity/Q65220902,दीवान सिंह
http://www.wikidata.org/entity/Q65223404,दुर्गा दत्त
http://www.wikidata.org/entity/Q65223157,देब सिंह भंडारी
http://www.wikidata.org/entity/Q65222944,देबजंग साही
http://www.wikidata.org/entity/Q65218087,देव बहादुर थापा
http://www.wikidata.org/entity/Q65223365,देव राज
http://www.wikidata.org/entity/Q65222096,देवपाल सिंह बी देवल
http://www.wikidata.org/entity/Q65215886,देवाशिश  शर्मा
http://www.wikidata.org/entity/Q65219700,देविंदर सिंह अहलावत
http://www.wikidata.org/entity/Q65222772,देवी प्रकाश सिंह
http://www.wikidata.org/entity/Q65222771,देवेंद्र सिंह कंडारी
http://www.wikidata.org/entity/Q21151295,देशमोंद हायदे
http://www.wikidata.org/entity/Q65219964,द्रिग पाल सिंह
http://www.wikidata.org/entity/Q65217685,द्वारका नाथ कंवरपाल
http://www.wikidata.org/entity/Q65222947,धन सिंह
http://www.wikidata.org/entity/Q65218722,धन सिंह
http://www.wikidata.org/entity/Q65222248,धन सिंह अधकारी
http://www.wikidata.org/entity/Q65216784,धनराज मुथप्पन
http://www.wikidata.org/entity/Q13634030,धनसिंह थापा
http://www.wikidata.org/entity/Q65223368,धनी राम
http://www.wikidata.org/entity/Q65223398,धरमसिंग थापा
http://www.wikidata.org/entity/Q65220571,धर्म वीर सिंह
http://www.wikidata.org/entity/Q65223163,धर्म सिंह
http://www.wikidata.org/entity/Q65220153,धर्म सिंह
http://www.wikidata.org/entity/Q65219021,धियान सिंह
http://www.wikidata.org/entity/Q65217499,धीरेन्द्र सिंह अत्री
http://www.wikidata.org/entity/Q65222249,धीरेश कुमार शर्मा
http://www.wikidata.org/entity/Q65222948,ध्यान सिंह रावत
http://www.wikidata.org/entity/Q65217832,नंगलेपम बुद्धिमंता सिंह
http://www.wikidata.org/entity/Q65217513,नटराजन पार्थिबन
http://www.wikidata.org/entity/Q65222847,नंद राम
http://www.wikidata.org/entity/Q6963123,नंद सिंह
http://www.wikidata.org/entity/Q65219946,नर बहादुर अले
http://www.wikidata.org/entity/Q65219968,नर बहादुर छेत्री
http://www.wikidata.org/entity/Q65220813,नर सिंह
http://www.wikidata.org/entity/Q65215472,नरबहादुर थापा
http://www.wikidata.org/entity/Q65216163,नरिंदर कुमार
http://www.wikidata.org/entity/Q65222848,नरिंदर सिंह
http://www.wikidata.org/entity/Q65220249,नरिंदर सिंह संधू
http://www.wikidata.org/entity/Q65220253,नरेंद्र नाथ खन्ना
http://www.wikidata.org/entity/Q57164187,नरेंद्र सिंह अहलावत
http://www.wikidata.org/entity/Q65222324,नरेश कुमार परमार
http://www.wikidata.org/entity/Q6694753,नवदीप सिंह
http://www.wikidata.org/entity/Q65222160,नवल सिंह राजावत
http://www.wikidata.org/entity/Q65218251,नवाब सिंह तोमर
http://www.wikidata.org/entity/Q65222080,नवीन चंदर कोहली
http://www.wikidata.org/entity/Q65219065,नसीब सिंह
http://www.wikidata.org/entity/Q65222315,नागुलापल्ली नरसिंह राव
http://www.wikidata.org/entity/Q65222316,नायक बालाकृष्ण रामचन्द्र
http://www.wikidata.org/entity/Q65222846,नायपाल सिंह
http://www.wikidata.org/entity/Q3366362,नायब सूबेदार बन्ना सिंह
http://www.wikidata.org/entity/Q65218247,नारायण दास
http://www.wikidata.org/entity/Q65223251,नारायणधर दत्त
http://www.wikidata.org/entity/Q65220666,निरोद बरन बनर्जी
http://www.wikidata.org/entity/Q18353671,निर्भय सिंह
http://www.wikidata.org/entity/Q65222850,निर्मल सिंह
http://www.wikidata.org/entity/Q65222849,निर्मल सिंह
http://www.wikidata.org/entity/Q65218255,नीमा दोर्जी शेर्पा
http://www.wikidata.org/entity/Q18926778,नीरज कुमार सिंह
http://www.wikidata.org/entity/Q65222326,नीरेंद्र चन्द्र दास
http://www.wikidata.org/entity/Q6986746,नीलकांतन जयचंद्रन नायर
http://www.wikidata.org/entity/Q65217133,नेक सिंह
http://www.wikidata.org/entity/Q21903459,नेकेझाकुओ केंगुरूसे
http://www.wikidata.org/entity/Q65217405,नेक्टर संजेनबम
http://www.wikidata.org/entity/Q65223579,नैन सिंह
http://www.wikidata.org/entity/Q65219068,नोपा सिंह
http://www.wikidata.org/entity/Q65219954,नौबत राम
http://www.wikidata.org/entity/Q65223582,नौरंग सिंह
http://www.wikidata.org/entity/Q65217423,पंकज कुमार
http://www.wikidata.org/entity/Q65215936,पंकज ध्यानी
http://www.wikidata.org/entity/Q65220257,पगडला कुप्पुस्वामी नंदगोपाल
http://www.wikidata.org/entity/Q65217210,पंडित माने
http://www.wikidata.org/entity/Q65218125,पदम बहादुर छतरी
http://www.wikidata.org/entity/Q65217843,पद्मनाभन श्रीकुमार
http://www.wikidata.org/entity/Q7123859,पद्मपाणि आचार्य
http://www.wikidata.org/entity/Q65222126,परमजीत सिंह चीमा
http://www.wikidata.org/entity/Q65218784,परमल सिंह
http://www.wikidata.org/entity/Q65215519,परमिंदार सिंह
http://www.wikidata.org/entity/Q65217846,पराईल भास्करण
http://www.wikidata.org/entity/Q65220936,पांडु रंग सालुंखे
http://www.wikidata.org/entity/Q65222858,पांडुरंग काकफेल
http://www.wikidata.org/entity/Q65223019,पांडुरंग हमुख
http://www.wikidata.org/entity/Q65215993,पारस लिम्बू
http://www.wikidata.org/entity/Q65222863,पियारा सिंह
http://www.wikidata.org/entity/Q65218065,पी जी राम गोपाल
http://www.wikidata.org/entity/Q65222851,पी। के। कमलासनन
http://www.wikidata.org/entity/Q65223024,पीर सिंह
http://www.wikidata.org/entity/Q3595733,पीरू सिंह
http://www.wikidata.org/entity/Q65220671,पुत्तिचंद सोमाया गणपति
http://www.wikidata.org/entity/Q7260125,पुनीत नाथ दत्त
http://www.wikidata.org/entity/Q65222342,पुरुषोत्तम लाल खेर
http://www.wikidata.org/entity/Q65217886,पुष्पेंद्र सिंह
http://www.wikidata.org/entity/Q65223620,पूरनबहादुर थापा
http://www.wikidata.org/entity/Q65222341,पृथ्वी पाल सिंह संघ
http://www.wikidata.org/entity/Q65222340,पृथ्वी सिंह डागर
http://www.wikidata.org/entity/Q65215292,पोलुर मुथुस्वामी रमन
http://www.wikidata.org/entity/Q65218276,प्रकाश चंद
http://www.wikidata.org/entity/Q65222128,प्रकाश चंद्र सिंह खाती
http://www.wikidata.org/entity/Q65219738,प्रताप सिंह
http://www.wikidata.org/entity/Q65218302,प्रताप सिंह
http://www.wikidata.org/entity/Q65217851,प्रदीप आर टाथावड़े
http://www.wikidata.org/entity/Q65219715,प्रदीप कुमार गौर
http://www.wikidata.org/entity/Q65222127,प्रदीप सिंह भंडारी
http://www.wikidata.org/entity/Q65215522,प्रदीप्त नारायण मोहापत्र
http://www.wikidata.org/entity/Q58215426,प्रबोध चन्द्र भारद्वाज
http://www.wikidata.org/entity/Q65222337,प्रभु सिंह
http://www.wikidata.org/entity/Q65222338,प्रसांत कुमार घोष
http://www.wikidata.org/entity/Q33101713,प्रिया झिंगन
http://www.wikidata.org/entity/Q65223603,प्रीतम सिंह
http://www.wikidata.org/entity/Q65220822,प्रीतम सिंह
http://www.wikidata.org/entity/Q65220263,प्रेम कुमार खन्ना
http://www.wikidata.org/entity/Q65222865,प्रेम कुमार चौहान
http://www.wikidata.org/entity/Q65217860,प्रेम चंद
http://www.wikidata.org/entity/Q65222339,प्रेम नाथ भाटिया
http://www.wikidata.org/entity/Q65216840,प्रेम नाथ राय
http://www.wikidata.org/entity/Q65223594,प्रेम पाल
http://www.wikidata.org/entity/Q65220817,प्रेम बहादुर गुरुंग
http://www.wikidata.org/entity/Q65223598,प्रेम सिंह
http://www.wikidata.org/entity/Q65219850,फतेह सिंह
http://www.wikidata.org/entity/Q65223167,फिदू राम
http://www.wikidata.org/entity/Q65222861,फुर्बा लिप्चा
http://www.wikidata.org/entity/Q5480730,फ्रांसिस डायस
http://www.wikidata.org/entity/Q65218969,बख्तावर सिंह
http://www.wikidata.org/entity/Q65222932,बचित्तर सिंह
http://www.wikidata.org/entity/Q65216735,बद्री लाल लुणावत
http://www.wikidata.org/entity/Q65222090,बलजीत सिंह गिल
http://www.wikidata.org/entity/Q65220518,बलजीत सिंह रंधावा
http://www.wikidata.org/entity/Q65218068,बलदेव राज
http://www.wikidata.org/entity/Q65223315,बलबहादुर गुरुंग
http://www.wikidata.org/entity/Q65222231,बलबीर चंद चोपड़ा
http://www.wikidata.org/entity/Q65218703,बलबीर सिंह
http://www.wikidata.org/entity/Q65222933,बलवंत सिंह
http://www.wikidata.org/entity/Q65222751,बलवंत सिंह
http://www.wikidata.org/entity/Q62396778,बलवान सिंह
http://www.wikidata.org/entity/Q65222232,बलिएदा मुथन्ना करियप्पा
http://www.wikidata.org/entity/Q65222940,बसंता राम
http://www.wikidata.org/entity/Q65222089,बहादुर सिंह
http://www.wikidata.org/entity/Q16018062,बहादुर सिंह बोहरा
http://www.wikidata.org/entity/Q65218687,बाबू लाल
http://www.wikidata.org/entity/Q65223312,बाल बाहुदुर थापा
http://www.wikidata.org/entity/Q65222938,बास देओ
http://www.wikidata.org/entity/Q65220527,बासदेव सिंह मनकोटिया
http://www.wikidata.org/entity/Q2354992,बिक्रम सिंह
http://www.wikidata.org/entity/Q4907449,बिक्रमजीत कंवरपाल
http://www.wikidata.org/entity/Q65220054,बिजॉय मोहन भट्टाचार्य
http://www.wikidata.org/entity/Q4915442,बिपिन चंद्र जोशी
http://www.wikidata.org/entity/Q4915447,बिपिन रावत
http://www.wikidata.org/entity/Q65220954,बिशन सिंह बहादुर
http://www.wikidata.org/entity/Q65223347,बिशेश्वर सिंह
http://www.wikidata.org/entity/Q65223154,बिष्णु बहादुर थापा
http://www.wikidata.org/entity/Q65222229,बी नीलाकंतन नहजुंडा राव
http://www.wikidata.org/entity/Q65219818,बीर बहादुर पुन
http://www.wikidata.org/entity/Q65223351,बुध सिंह
http://www.wikidata.org/entity/Q65222762,बुधि बल्लभ
http://www.wikidata.org/entity/Q4967976,बृज मोहन कौल
http://www.wikidata.org/entity/Q65217656,ब्रज किशोर शर्मा
http://www.wikidata.org/entity/Q854922,ब्रिगेडियर भवानी सिंह
http://www.wikidata.org/entity/Q65219300,भगवान दत्त डोगरा
http://www.wikidata.org/entity/Q65222943,भगवान दास
http://www.wikidata.org/entity/Q64002688,भरत सिंह
http://www.wikidata.org/entity/Q65223344,भवन सिंह
http://www.wikidata.org/entity/Q65215468,भवानी दत्त जोशी
http://www.wikidata.org/entity/Q65222755,भाग सिंह
http://www.wikidata.org/entity/Q65222091,भारत सिंह कसाना
http://www.wikidata.org/entity/Q65220532,भास्कर रॉय
http://www.wikidata.org/entity/Q65222242,भीखम सिंह
http://www.wikidata.org/entity/Q65222757,भीम बहादुर थापा
http://www.wikidata.org/entity/Q20810760,भीम बहादुर दीवान
http://www.wikidata.org/entity/Q65218149,भीम सिंह
http://www.wikidata.org/entity/Q65215447,भूकंट मिश्रा
http://www.wikidata.org/entity/Q65218071,भूपाल सिंह छंतेल मगर
http://www.wikidata.org/entity/Q65222092,भूपिंदर कुमार वैद
http://www.wikidata.org/entity/Q65220537,भूपिंदर सिंह
http://www.wikidata.org/entity/Q65223549,मगर सिंह
http://www.wikidata.org/entity/Q55806712,मगोड बसप्पा रविंद्रनाथ
http://www.wikidata.org/entity/Q65219604,मंजीत सिंह
http://www.wikidata.org/entity/Q65216834,मंजीत सिंह
http://www.wikidata.org/entity/Q65222311,मदन पॉल
http://www.wikidata.org/entity/Q65220233,मदन मोहन सिंह बख्शी
http://www.wikidata.org/entity/Q65222831,मदन लाल
http://www.wikidata.org/entity/Q65222310,मदन लाल शर्मा
http://www.wikidata.org/entity/Q65216827,मदन सरूप
http://www.wikidata.org/entity/Q65222833,मदन सिंह
http://www.wikidata.org/entity/Q65223545,मदलाई मुथु
http://www.wikidata.org/entity/Q65215357,मन बहादुर राय
http://www.wikidata.org/entity/Q65220244,मन मोहन खन्ना
http://www.wikidata.org/entity/Q65217398,मनीष शशिकांत कदम
http://www.wikidata.org/entity/Q65217815,मनीष हिराजी पीतांबरे
http://www.wikidata.org/entity/Q3595737,मनोज कुमार पांडे
http://www.wikidata.org/entity/Q65222115,मनोहर सिंह चौहान
http://www.wikidata.org/entity/Q65222313,मरीध्योधन वीटिल सूरज
http://www.wikidata.org/entity/Q65220971,मलकियात सिंह
http://www.wikidata.org/entity/Q65222843,मलकीत सिंह
http://www.wikidata.org/entity/Q65222844,मलकीत सिंह
http://www.wikidata.org/entity/Q65223248,महताब सिंह
http://www.wikidata.org/entity/Q65220239,महातम सिंह
http://www.wikidata.org/entity/Q65222836,महादेव सिंह
http://www.wikidata.org/entity/Q65220807,महाबीर थापा
http://www.wikidata.org/entity/Q65219712,महाबीर प्रसाद
http://www.wikidata.org/entity/Q65220659,महावीर सिंह चौधरी
http://www.wikidata.org/entity/Q65217780,महावीर सिंह बालहरा
http://www.wikidata.org/entity/Q65219045,महावीर सिंह यादव
http://www.wikidata.org/entity/Q65217205,महावीर सिंह राजपूत
http://www.wikidata.org/entity/Q65219047,महेंद्र सिंह
http://www.wikidata.org/entity/Q65217809,महेश कुमार
http://www.wikidata.org/entity/Q65223008,माधो सिंह
http://www.wikidata.org/entity/Q65220934,मान सिंह
http://www.wikidata.org/entity/Q65222312,मान सिंह श्री धर
http://www.wikidata.org/entity/Q65217510,मायेकर नरेंद्र आत्माराम
http://www.wikidata.org/entity/Q65223012,माल सिंह
http://www.wikidata.org/entity/Q269014,मिलखा सिंह
http://www.wikidata.org/entity/Q65222845,मुकंद सिंह
http://www.wikidata.org/entity/Q17540318,मुकुन्द वरदरजन
http://www.wikidata.org/entity/Q65218243,मुख्तियार सिंह
http://www.wikidata.org/entity/Q65228948,मुनींद्र नाथ राय
http://www.wikidata.org/entity/Q65222159,मूर्ति दुरीन्द्र नायडू
http://www.wikidata.org/entity/Q65218235,मेघ राज सिंह
http://www.wikidata.org/entity/Q65223016,मेघ सिंह
http://www.wikidata.org/entity/Q65223553,मेघराज सिंह
http://www.wikidata.org/entity/Q61746202,मेजर चित्रेश सिंह बिष्ट
http://www.wikidata.org/entity/Q65215928,मेहता सिंह
http://www.wikidata.org/entity/Q65215409,मोहन नाथ गोस्वामी
http://www.wikidata.org/entity/Q65223556,मोहन लाल
http://www.wikidata.org/entity/Q6891703,मोहम्मद अहमद जाकी
http://www.wikidata.org/entity/Q6892508,मोहम्मद उस्मान
http://www.wikidata.org/entity/Q65218240,मोहम्मद डार
http://www.wikidata.org/entity/Q18390894,मोहित शर्मा
http://www.wikidata.org/entity/Q65219607,मोहिंदर लाल विग
http://www.wikidata.org/entity/Q65218779,मोहिंदर सिंह
http://www.wikidata.org/entity/Q65220586,मोहिंदर सिंह
http://www.wikidata.org/entity/Q65220975,मोहिंदर सिंह
http://www.wikidata.org/entity/Q65223559,मोहिंदर सिंह
http://www.wikidata.org/entity/Q65217820,मोहिंदर सिंह काद्यान
http://www.wikidata.org/entity/Q65217827,मोहिंदर सिंह पठानिया
http://www.wikidata.org/entity/Q65219616,यदुनाथ सिंह
http://www.wikidata.org/entity/Q2988791,यदुनाथ सिंह
http://www.wikidata.org/entity/Q65222472,यशवीर सिंह
http://www.wikidata.org/entity/Q18688121,योगेश कुमार जोशी
http://www.wikidata.org/entity/Q65216846,रक्ष पॉल
http://www.wikidata.org/entity/Q65222866,रघबीर सिंह
http://www.wikidata.org/entity/Q65222350,रघुनाथ प्रसाद चतुर्वेदी
http://www.wikidata.org/entity/Q65222161,रघुनाथ सिंह
http://www.wikidata.org/entity/Q65223633,रघुनाथ सिंह
http://www.wikidata.org/entity/Q65223256,रघुबीर सिंह
http://www.wikidata.org/entity/Q65220268,रघुबीर सिंह
http://www.wikidata.org/entity/Q65218314,रंजीत सिंह
http://www.wikidata.org/entity/Q65219983,रण बहादुर गुरुंग
http://www.wikidata.org/entity/Q65217245,रण बहादुर गुरुंग
http://www.wikidata.org/entity/Q65220676,रणजीत सिंह दयाल
http://www.wikidata.org/entity/Q65228598,रणजीत सिंह मान
http://www.wikidata.org/entity/Q65222360,रणबीर सिंह
http://www.wikidata.org/entity/Q65216016,रणशेर सिंह राणावत
http://www.wikidata.org/entity/Q65220323,रतन नाथ शर्मा
http://www.wikidata.org/entity/Q65222344,रबिंदर नाथ आनंद
http://www.wikidata.org/entity/Q65220827,रबी लाल थापा
http://www.wikidata.org/entity/Q65219973,रबीलाल थापा
http://www.wikidata.org/entity/Q65217909,रमन दादा
http://www.wikidata.org/entity/Q65222878,रमेश कुमार
http://www.wikidata.org/entity/Q65222359,रमेश चंद्र बख्शी
http://www.wikidata.org/entity/Q65217234,रमेश सिंह
http://www.wikidata.org/entity/Q65228590,रमेश सिंह
http://www.wikidata.org/entity/Q65222363,रवि कुमार माथुर
http://www.wikidata.org/entity/Q7296616,रवि दत्त मेहता
http://www.wikidata.org/entity/Q65217250,रवि सिंह
http://www.wikidata.org/entity/Q65217518,रविंदर छिकारा
http://www.wikidata.org/entity/Q65222369,रविंदर सिंह चोपड़ा
http://www.wikidata.org/entity/Q65222131,रविंदर सिंह बेदी
http://www.wikidata.org/entity/Q65222345,रवींद्रनाथ सेन गुप्ता
http://www.wikidata.org/entity/Q65222361,रवेंद्र खौरा
http://www.wikidata.org/entity/Q65222362,रवेंद्र नाथ गुप्ता
http://www.wikidata.org/entity/Q65228580,राकेश चंद कुकरेती
http://www.wikidata.org/entity/Q65216008,राकेश राणा
http://www.wikidata.org/entity/Q65228587,राकेश शर्मा
http://www.wikidata.org/entity/Q65215295,राकेश सिंह
http://www.wikidata.org/entity/Q65223630,राघवन
http://www.wikidata.org/entity/Q65228570,राज कुमार चंद
http://www.wikidata.org/entity/Q65223636,राज बहादुर गुरुंग
http://www.wikidata.org/entity/Q59327278,राज मोहन वोहरा
http://www.wikidata.org/entity/Q65215528,राज मोहन शर्मा
http://www.wikidata.org/entity/Q65220316,राजकुमार सिंह
http://www.wikidata.org/entity/Q65228957,राजपाल सिंह शेरगिल
http://www.wikidata.org/entity/Q65222353,राजा अमिरथलिंगम
http://www.wikidata.org/entity/Q65222129,राजिंदर सिंह नागर
http://www.wikidata.org/entity/Q65222355,राजिंदर सिंह राणा
http://www.wikidata.org/entity/Q65222357,राजिंदर सिंह विजय सिंह दफले
http://www.wikidata.org/entity/Q17318844,राजिंदर सिंह स्पैरो
http://www.wikidata.org/entity/Q65217897,राजिन्दर कुमार शर्मा
http://www.wikidata.org/entity/Q65218309,राजीन्द्र सिंह
http://www.wikidata.org/entity/Q18393277,राजीव कुमार जून
http://www.wikidata.org/entity/Q65228577,राजीव कुमार जून
http://www.wikidata.org/entity/Q65222130,राजीव पांडे
http://www.wikidata.org/entity/Q65219310,राजीव संधू
http://www.wikidata.org/entity/Q65220831,राजू
http://www.wikidata.org/entity/Q65228575,राजेंद्र सिंह कड़वासरा
http://www.wikidata.org/entity/Q65228574,राजेंद्र सिंह धामी
http://www.wikidata.org/entity/Q25352431,राजेन्द्र सिंह
http://www.wikidata.org/entity/Q65218128,राजेश कुमार
http://www.wikidata.org/entity/Q18645824,राजेश कुमार
http://www.wikidata.org/entity/Q3717342,राजेश सिंह अधिकारी
http://www.wikidata.org/entity/Q7280211,राधाकृष्णन नायर हरशान
http://www.wikidata.org/entity/Q65218306,राधाकृष्णन सी
http://www.wikidata.org/entity/Q29915972,राम उग्राह पांडे
http://www.wikidata.org/entity/Q65222867,राम उजागर
http://www.wikidata.org/entity/Q65223259,राम कुमार
http://www.wikidata.org/entity/Q65223031,राम चंदर
http://www.wikidata.org/entity/Q65217217,राम चंदर भट्ट
http://www.wikidata.org/entity/Q65218788,राम देवा
http://www.wikidata.org/entity/Q65219609,राम धरम दास शिरा
http://www.wikidata.org/entity/Q65223641,राम नाथ
http://www.wikidata.org/entity/Q65215429,राम प्रकाश रोपेरिया
http://www.wikidata.org/entity/Q65219959,राम प्रसाद गुरुंग
http://www.wikidata.org/entity/Q65218312,राम बहादुर छेत्री
http://www.wikidata.org/entity/Q65223653,राम सिंह
http://www.wikidata.org/entity/Q65217903,राम सिंह सहारण
http://www.wikidata.org/entity/Q65218792,राम स्वरूप गुजर
http://www.wikidata.org/entity/Q65228591,रामप्रीत सिंह
http://www.wikidata.org/entity/Q18393379,रामबीर सिंह तोमर
http://www.wikidata.org/entity/Q65228595,रामविंदर सिंह गिल
http://www.wikidata.org/entity/Q65217440,रामा प्रसाद सिंह
http://www.wikidata.org/entity/Q21077918,रामाकृष्णन विश्वनाथन
http://www.wikidata.org/entity/Q3595328,रामास्वामी परमेश्वरन
http://www.wikidata.org/entity/Q65220274,राय सिंह
http://www.wikidata.org/entity/Q65216853,राले संतोष तानाजी
http://www.wikidata.org/entity/Q65217893,राहुल गुरुंग
http://www.wikidata.org/entity/Q65223035,रिग्जिन फुंचोक
http://www.wikidata.org/entity/Q65222371,रिसाल सिंह
http://www.wikidata.org/entity/Q65222132,रीत मोहिंदर पाल सिंह
http://www.wikidata.org/entity/Q65216888,रुदल प्रसाद
http://www.wikidata.org/entity/Q65222134,रुपिंदर सिंह संधू
http://www.wikidata.org/entity/Q65222376,रूडोल्फ डेविड रोसारियो
http://www.wikidata.org/entity/Q65222879,रूप लाल
http://www.wikidata.org/entity/Q65222377,रूपेश प्रधान
http://www.wikidata.org/entity/Q65222162,रूसी होरमुसजी बजीना
http://www.wikidata.org/entity/Q65219075,रेवाल सिंह
http://www.wikidata.org/entity/Q65222133,रोहित सेठी
http://www.wikidata.org/entity/Q65223244,लक्ष्मण राणे
http://www.wikidata.org/entity/Q65222830,लख राज
http://www.wikidata.org/entity/Q65223538,लखपत राम
http://www.wikidata.org/entity/Q65222829,लखमी चंद
http://www.wikidata.org/entity/Q65223533,लखा सिंह
http://www.wikidata.org/entity/Q65222309,लछमन सिंह
http://www.wikidata.org/entity/Q65223529,लधु राम
http://www.wikidata.org/entity/Q16187167,ललित राय
http://www.wikidata.org/entity/Q65216806,लश्कर सिंह
http://www.wikidata.org/entity/Q65219853,लाल बहादुर खत्री
http://www.wikidata.org/entity/Q65223005,लाल बहादुर पुन
http://www.wikidata.org/entity/Q65218232,लाल सिंह
http://www.wikidata.org/entity/Q65219885,लाल सिंह
http://www.wikidata.org/entity/Q65223542,लालबहादुर राणा
http://www.wikidata.org/entity/Q6368246,लांस नायक करम सिंह
http://www.wikidata.org/entity/Q4787990,लेफ्टिनेंट कर्नल ए॰ बी॰ तारापोर
http://www.wikidata.org/entity/Q4802104,लेफ्टीनेंट अरुण क्षेत्रपाल
http://www.wikidata.org/entity/Q6474144,लैशराम ज्योतिन सिंह
http://www.wikidata.org/entity/Q7916352,वसंत वेणुगोपाल
http://www.wikidata.org/entity/Q65218365,वाई॰ एम॰ बंसोड़े
http://www.wikidata.org/entity/Q65222426,वानचेतिल ओमेन चेरियन
http://www.wikidata.org/entity/Q65216938,वारघेसे मैथ्यू
http://www.wikidata.org/entity/Q64932915,विकास शर्मा
http://www.wikidata.org/entity/Q65222433,विक्रम देउस्कर
http://www.wikidata.org/entity/Q2724073,विक्रम बत्रा
http://www.wikidata.org/entity/Q65217564,विक्रांत अजित हमुख
http://www.wikidata.org/entity/Q65220740,विजय कुमद बेरी
http://www.wikidata.org/entity/Q65222166,विजय कुमार
http://www.wikidata.org/entity/Q7929167,विजय कुमार दत्ता
http://www.wikidata.org/entity/Q65219807,विजय कुमार बख्शी
http://www.wikidata.org/entity/Q7929176,विजय कुमार सिंह
http://www.wikidata.org/entity/Q65220746,विजय रतन चौधरी
http://www.wikidata.org/entity/Q65222429,विजयंत कुमार
http://www.wikidata.org/entity/Q65222431,विजयनत थापर
http://www.wikidata.org/entity/Q65217997,विजयांत बिष्ट
http://www.wikidata.org/entity/Q65222428,विजयी प्रताप सिंह
http://www.wikidata.org/entity/Q65222155,विजयेंद्र नाथ मदन
http://www.wikidata.org/entity/Q65222156,विनोद कुमार गोस्वामी
http://www.wikidata.org/entity/Q65216037,विनोद कुमार नायक
http://www.wikidata.org/entity/Q65222927,विल्सन मगन एंथोनी
http://www.wikidata.org/entity/Q65220752,विवेक गुप्ता
http://www.wikidata.org/entity/Q65216043,विशाल भंडराल
http://www.wikidata.org/entity/Q65218362,विश्व केर्केट्टा
http://www.wikidata.org/entity/Q65222436,विष्णु स्वरूप शर्मा
http://www.wikidata.org/entity/Q65218357,वी कन्नालन केन्नडी
http://www.wikidata.org/entity/Q65222157,वीरेंद्र प्रताप सिंह
http://www.wikidata.org/entity/Q65222427,वेंकट पति रंगास्वामी
http://www.wikidata.org/entity/Q65220435,वेद प्रकाश ऐरी
http://www.wikidata.org/entity/Q65220440,वेद प्रकाश घई
http://www.wikidata.org/entity/Q65220445,वेद प्रकाश त्रेहन
http://www.wikidata.org/entity/Q7917880,वेद प्रकाश मलिक
http://www.wikidata.org/entity/Q65222887,शंकर दत्त जोशी
http://www.wikidata.org/entity/Q7488707,शंकर रॉयचौधरी
http://www.wikidata.org/entity/Q65219746,शंकर शंखपाल वकार
http://www.wikidata.org/entity/Q65220021,शंगरा सिंह
http://www.wikidata.org/entity/Q65217924,शचीन्द्र कुमार शर्मा
http://www.wikidata.org/entity/Q65217929,शत्रुजीत कोतवाल
http://www.wikidata.org/entity/Q65222889,शनमुग सुंदरम
http://www.wikidata.org/entity/Q65217004,शम बहादुर सिंह
http://www.wikidata.org/entity/Q65223671,शमशेर सिंह
http://www.wikidata.org/entity/Q65222045,शमशेर सिंह
http://www.wikidata.org/entity/Q65219315,शमशेर सिंह सामरा
http://www.wikidata.org/entity/Q65222393,शशि भूषण घिल्डियाल
http://www.wikidata.org/entity/Q65222137,शशिंद्र सिंह
http://www.wikidata.org/entity/Q65222896,शांता राम शिंदे
http://www.wikidata.org/entity/Q18357583,शांति स्वरूप राणा
http://www.wikidata.org/entity/Q65216904,शिव नारायण सिंह
http://www.wikidata.org/entity/Q65216911,शिवाजी कृष्ण पाटील
http://www.wikidata.org/entity/Q65220842,शीशपाल सिंह
http://www.wikidata.org/entity/Q65217933,शुशील आइमा
http://www.wikidata.org/entity/Q65222397,शेओ गणेश सिंह
http://www.wikidata.org/entity/Q65223062,शेख खदर साहब
http://www.wikidata.org/entity/Q7494617,शेर जंग थापा
http://www.wikidata.org/entity/Q65220727,शेर प्रताप सिंह कैंट
http://www.wikidata.org/entity/Q65223674,शेर सिंह
http://www.wikidata.org/entity/Q65223065,शेर सिंह
http://www.wikidata.org/entity/Q65217016,शेव पूजन सिंह
http://www.wikidata.org/entity/Q65222138,शेशाना मंजू नाथ
http://www.wikidata.org/entity/Q7462498,शैतान सिंह
http://www.wikidata.org/entity/Q65219340,श्यामल देव गोस्वामी
http://www.wikidata.org/entity/Q65222395,श्यामल सिन्हा
http://www.wikidata.org/entity/Q65223677,श्रीपति सिंह
http://www.wikidata.org/entity/Q65216030,श्रीराम राजू कोसुरी
http://www.wikidata.org/entity/Q65222880,संग्राम सिंह रावत
http://www.wikidata.org/entity/Q65222378,सचिन अन्नाराव निंबालकर
http://www.wikidata.org/entity/Q3595317,संजय कुमार
http://www.wikidata.org/entity/Q65222380,संजीव सिंह
http://www.wikidata.org/entity/Q65218795,संजीव सिंह
http://www.wikidata.org/entity/Q65223656,सज्जन सिंह
http://www.wikidata.org/entity/Q65216022,सज्जन सिंह मलिक
http://www.wikidata.org/entity/Q65222881,सत पॉल
http://www.wikidata.org/entity/Q65223659,संत राम
http://www.wikidata.org/entity/Q65219079,सत लाल पुन
http://www.wikidata.org/entity/Q65223054,संत सिंह
http://www.wikidata.org/entity/Q65223263,संत सिंह
http://www.wikidata.org/entity/Q28741289,संत सिंह
http://www.wikidata.org/entity/Q50874854,सतिंदर कुमार सैनी
http://www.wikidata.org/entity/Q65219863,सतींजियान फूंचोक
http://www.wikidata.org/entity/Q65222135,सतीश कुमार जसवाल
http://www.wikidata.org/entity/Q65222136,सतीश कुमार प्रभाकरन मेनन
http://www.wikidata.org/entity/Q65222391,सतीश कुमार वशिष्ठ
http://www.wikidata.org/entity/Q65222882,सतीश चंदर
http://www.wikidata.org/entity/Q65222389,सतीश चंदर सहगल
http://www.wikidata.org/entity/Q7426293,सतीश नंबिया
http://www.wikidata.org/entity/Q65228961,संतोष यशवंत महादिक
http://www.wikidata.org/entity/Q65218804,सत्नाम सिंह
http://www.wikidata.org/entity/Q65220695,सत्य पाल चोपड़ा
http://www.wikidata.org/entity/Q65217483,सत्य स्वरूप शर्मा
http://www.wikidata.org/entity/Q3345102,संदीप उन्नीकृष्णन
http://www.wikidata.org/entity/Q65215362,संदीप सांखला
http://www.wikidata.org/entity/Q65219933,संपूरन सिंह
http://www.wikidata.org/entity/Q12455764,सरताज सिंह
http://www.wikidata.org/entity/Q65220686,सरदार मलकीत सिंह बरार
http://www.wikidata.org/entity/Q65223664,सरदार सिंह
http://www.wikidata.org/entity/Q65223267,सरदार सिंह
http://www.wikidata.org/entity/Q65220692,सरदूल सिंह रंधावा
http://www.wikidata.org/entity/Q65223059,सरधा राम
http://www.wikidata.org/entity/Q65222386,सरल कुमार वर्मा
http://www.wikidata.org/entity/Q65218800,सरवण कुमार धुकिया
http://www.wikidata.org/entity/Q65216894,सरवण सिंह
http://www.wikidata.org/entity/Q65219858,सरूप सिंह
http://www.wikidata.org/entity/Q65220330,सलीम कालेब
http://www.wikidata.org/entity/Q65222383,संसार सिंह
http://www.wikidata.org/entity/Q65222381,संसार सिंह
http://www.wikidata.org/entity/Q56651228,साइरस अड्डी पिठावाला
http://www.wikidata.org/entity/Q65223057,सांवल राम
http://www.wikidata.org/entity/Q65222379,साहिल शर्मा
http://www.wikidata.org/entity/Q65220417,सुखजीत सिंह
http://www.wikidata.org/entity/Q65223271,सुखदेव सिंह
http://www.wikidata.org/entity/Q65217967,सुखदेव सिंह
http://www.wikidata.org/entity/Q65222399,सुखवंत सिंह गिल
http://www.wikidata.org/entity/Q65217972,सुखविन्द्र जीत सिंह रंधावा
http://www.wikidata.org/entity/Q65220847,सुगन सिंह
http://www.wikidata.org/entity/Q65222398,सुच्चा सिंह
http://www.wikidata.org/entity/Q18386173,सुज्जन सिंह
http://www.wikidata.org/entity/Q65215299,सुंदर सिंह
http://www.wikidata.org/entity/Q65228966,सुदर्शन सिंह
http://www.wikidata.org/entity/Q18393093,सुधीर कुमार वालिया
http://www.wikidata.org/entity/Q65222409,सुनीत बर्नी
http://www.wikidata.org/entity/Q65455742,सुनील कुमार
http://www.wikidata.org/entity/Q24844394,सुनील कुमार चौधरी
http://www.wikidata.org/entity/Q65217488,सुनील कुमार राज़दान
http://www.wikidata.org/entity/Q7640311,सुनील खोखर
http://www.wikidata.org/entity/Q65222407,सुनील चंदर
http://www.wikidata.org/entity/Q65217941,सुभाष चंद पूनीया
http://www.wikidata.org/entity/Q65217964,सुभाष चंद राणा
http://www.wikidata.org/entity/Q65222401,सुमन दासगुप्ता
http://www.wikidata.org/entity/Q65222404,सुमीत रॉय
http://www.wikidata.org/entity/Q65223069,सुरजा
http://www.wikidata.org/entity/Q65222416,सुरजीत सिंह
http://www.wikidata.org/entity/Q65222417,सुरजीत सिंह परमार
http://www.wikidata.org/entity/Q65220422,सुरिंदर कपूर
http://www.wikidata.org/entity/Q65222139,सुरिंदर नाथ टंडन
http://www.wikidata.org/entity/Q18386552,सुरिंदर सिंह
http://www.wikidata.org/entity/Q65222140,सुरिंदरपाल सिंह सेखों
http://www.wikidata.org/entity/Q65222411,सुरेंद्र कौशिक
http://www.wikidata.org/entity/Q65222412,सुरेंद्र नाथ
http://www.wikidata.org/entity/Q65222165,सुरेंद्र पार्षद
http://www.wikidata.org/entity/Q65222415,सुरेंद्र शाह
http://www.wikidata.org/entity/Q65222900,सुरेंद्र सिंह
http://www.wikidata.org/entity/Q65218828,सुरेश
http://www.wikidata.org/entity/Q65217976,सुरेश सूरी
http://www.wikidata.org/entity/Q65223702,सुल्तान मोहम्मद खान
http://www.wikidata.org/entity/Q65222899,सुल्तान सिंह नरवरिया
http://www.wikidata.org/entity/Q65220734,सुशील कुमार माथुर
http://www.wikidata.org/entity/Q65217980,सुशील कुमार सिंह
http://www.wikidata.org/entity/Q65217525,सुशील खजूरिया
http://www.wikidata.org/entity/Q65222419,सुशील चंद्र सभरवाल
http://www.wikidata.org/entity/Q65216141,सुसाई पिल्लई माइकल
http://www.wikidata.org/entity/Q6214809,सूबेदार जोगिंदर सिंह
http://www.wikidata.org/entity/Q65218826,सूरज सिंह
http://www.wikidata.org/entity/Q65222884,सेवा सिंह
http://www.wikidata.org/entity/Q65218823,सेवा सिंह
http://www.wikidata.org/entity/Q65222164,सैट प्रकाश वर्मा
http://www.wikidata.org/entity/Q558194,सैम मानेकशॉ
http://www.wikidata.org/entity/Q7560780,सोनम वांगचुक
http://www.wikidata.org/entity/Q65220979,सोनम स्टोपधान
http://www.wikidata.org/entity/Q65215694,सोम प्रकाश झिंगोन
http://www.wikidata.org/entity/Q65222898,सोम बहादुर थापा
http://www.wikidata.org/entity/Q65219083,सोहन सिंह
http://www.wikidata.org/entity/Q65223685,सोहन सिंह
http://www.wikidata.org/entity/Q65217253,सोहावीर
http://www.wikidata.org/entity/Q65222883,सौदागर सिंह
http://www.wikidata.org/entity/Q7427517,सौरभ सिंह शेखावत
http://www.wikidata.org/entity/Q65220591,स्वरूप सिंह कालान
http://www.wikidata.org/entity/Q65218832,स्वर्ण सिंह
http://www.wikidata.org/entity/Q65222901,स्वर्ण सिंह
http://www.wikidata.org/entity/Q65220425,स्वाई भवानी सिंह
http://www.wikidata.org/entity/Q26270170,हंगपन दादा
http://www.wikidata.org/entity/Q65222791,हजारी सिंह
http://www.wikidata.org/entity/Q65222262,हनीफ उद्दीन
http://www.wikidata.org/entity/Q65223456,हनुमान राम
http://www.wikidata.org/entity/Q5651400,हनूत सिंह राठौड़
http://www.wikidata.org/entity/Q65222261,हमीर सिंह
http://www.wikidata.org/entity/Q65222107,हर इकबाल सिंह धालीवाल
http://www.wikidata.org/entity/Q65220581,हर कृष्ण सिब्बल
http://www.wikidata.org/entity/Q65222963,हर सिंह
http://www.wikidata.org/entity/Q65218175,हरदियाल सिंह
http://www.wikidata.org/entity/Q16007098,हरदेव पाल नय्यर
http://www.wikidata.org/entity/Q65215907,हरदेव सिंह
http://www.wikidata.org/entity/Q65219876,हरदेव सिंह
http://www.wikidata.org/entity/Q65219502,हरदेव सिंह कलेर
http://www.wikidata.org/entity/Q5654319,हरबक्श सिंग
http://www.wikidata.org/entity/Q65222273,हरबंत सिंह कहलों
http://www.wikidata.org/entity/Q65220161,हरबंस लाल मेहता
http://www.wikidata.org/entity/Q65215902,हरबंस सिंह
http://www.wikidata.org/entity/Q65220165,हरबंस सिंह विर्क
http://www.wikidata.org/entity/Q65223458,हरभजन सिंह
http://www.wikidata.org/entity/Q65220605,हरभजन सिंह
http://www.wikidata.org/entity/Q65220609,हरि चंद
http://www.wikidata.org/entity/Q65222790,हरि दास नाग
http://www.wikidata.org/entity/Q65222966,हरि राम
http://www.wikidata.org/entity/Q65220909,हरि सिंह
http://www.wikidata.org/entity/Q65218177,हरी सिंह
http://www.wikidata.org/entity/Q65215911,हरीपाल सिंह अहलूवालिया
http://www.wikidata.org/entity/Q65222108,हरीश चंदर गुजराल
http://www.wikidata.org/entity/Q65220170,हरीश चंद्र पाठक
http://www.wikidata.org/entity/Q60048846,हर्ष उदय सिंह गौड़
http://www.wikidata.org/entity/Q65215315,हर्षण आर
http://www.wikidata.org/entity/Q4665394,हवलदार अब्दुल हामिद
http://www.wikidata.org/entity/Q65222805,हवलदार जोगिंदर सिंह
http://www.wikidata.org/entity/Q65222109,हवा सिंह
http://www.wikidata.org/entity/Q65222951,हंस राज
http://www.wikidata.org/entity/Q65217706,हितेश कुमार पलटा
http://www.wikidata.org/entity/Q65223464,हीरा बहादुर थापा
http://www.wikidata.org/entity/Q65222793,हेम चंदर
http://www.wikidata.org/entity/Q65219027,हेम बहादुर थापा
http://www.wikidata.org/entity/Q65217169,होशियार सिंह
http://www.wikidata.org/entity/Q5908009,होशियार सिंह